,Pick_Note_Date,Credit_Note_Date,Pick_Note,Credit_Note,Key,Vendor,PN_Quantity,CN_Quantity,WS_Code,Batch
3,2024-10-01,2024-10-02,PR201008006,DN201005606,399_1798_2283K004,SHAH KOTHARI BROS,1,1,1798,2283K004
19,2024-10-02,2024-10-02,PR201008015,DN201005602,399_20087_MT242197,SHAH KOTHARI BROS,1,1,20087,MT242197
29,2024-10-03,2024-10-19,PR201008031,DN201006286,399_23424_24250065,SHAH KOTHARI BROS,6,6,23424,24250065
30,2024-10-03,2024-10-18,PR201008029,DN201006243,399_23505_BIUB23035,SHAH KOTHARI BROS,1,1,23505,BIUB23035
31,2024-10-03,2024-10-19,PR201008031,DN201006274,399_2842_WM009,SHAH KOTHARI BROS,1,1,2842,WM009
32,2024-10-03,2024-10-19,PR201008030,DN201006264,399_3783_SPH231345,SHAH KOTHARI BROS,1,1,3783,SPH231345
33,2024-10-03,2024-10-18,PR201008029,DN201006254,399_3653_SIE2418A,SHAH KOTHARI BROS,2,2,3653,SIE2418A
34,2024-10-03,2024-10-19,PR201008031,DN201006279,399_23262_BH500,SHAH KOTHARI BROS,27,27,23262,BH500
35,2024-10-03,2024-10-18,PR201008029,DN201006235,399_4220_T241189,SHAH KOTHARI BROS,3,3,4220,T241189
36,2024-10-03,2024-10-18,PR201008029,DN201006253,399_318_PVMAG19,SHAH KOTHARI BROS,4,4,318,PVMAG19
37,2024-10-03,2024-10-19,PR201008030,DN201006261,399_23054_GTF1455A,SHAH KOTHARI BROS,15,15,23054,GTF1455A
38,2024-10-03,2024-10-19,PR201008031,DN201006278,399_2095_CACY23002,SHAH KOTHARI BROS,2,2,2095,CACY23002
39,2024-10-03,2024-10-19,PR201008031,DN201006183,399_20225_KPN2309A,SHAH KOTHARI BROS,1,1,20225,KPN2309A
40,2024-10-03,2024-10-18,PR201008029,DN201006234,399_20174_GATV23003,SHAH KOTHARI BROS,2,2,20174,GATV23003
41,2024-10-03,2024-10-18,PR201008029,DN201006255,399_20150_EMV240232A,SHAH KOTHARI BROS,7,7,20150,EMV240232A
42,2024-10-03,2024-10-19,PR201008031,DN201006273,399_20094_SXE2196A,SHAH KOTHARI BROS,2,2,20094,SXE2196A
43,2024-10-03,2024-10-18,PR201008029,DN201006233,399_19818_GGMN22002,SHAH KOTHARI BROS,1,1,19818,GGMN22002
44,2024-10-03,2024-10-18,PR201008029,DN201006177,399_19818_AGMN23001,SHAH KOTHARI BROS,2,2,19818,AGMN23001
45,2024-10-03,2024-10-19,PR201008031,DN201006282,399_4227_FA3803002,SHAH KOTHARI BROS,4,2,4227,FA3803002
46,2024-10-03,2024-10-19,PR201008031,DN201006284,399_223_3CAS024,SHAH KOTHARI BROS,1,1,223,3CAS024
47,2024-10-03,2024-10-18,PR201008029,DN201006252,399_5153_AFTL24008,SHAH KOTHARI BROS,1,1,5153,AFTL24008
48,2024-10-03,2024-10-19,PR201008030,DN201006259,399_7780_KAJ2401A,SHAH KOTHARI BROS,11,11,7780,KAJ2401A
49,2024-10-03,2024-10-19,PR201008030,DN201006262,399_5704_2308001188,SHAH KOTHARI BROS,1,1,5704,2308001188
52,2024-10-03,2024-10-18,PR201008029,DN201006251,399_994_23S2GCA995,SHAH KOTHARI BROS,5,5,994,23S2GCA995
53,2024-10-03,2024-10-19,PR201008030,DN201006263,399_8383_MFE23002,SHAH KOTHARI BROS,4,4,8383,MFE23002
54,2024-10-03,2024-10-19,PR201008031,DN201006288,399_809_22SAR396,SHAH KOTHARI BROS,7,7,809,22SAR396
55,2024-10-03,2024-10-19,PR201008031,DN201006289,399_19765_OND23249SR,SHAH KOTHARI BROS,5,5,19765,OND23249SR
56,2024-10-03,2024-10-18,PR201008029,DN201006238,399_7690_LGCC23004,SHAH KOTHARI BROS,1,1,7690,LGCC23004
57,2024-10-03,2024-10-19,PR201008031,DN201006285,399_7664_ELLG2368A,SHAH KOTHARI BROS,2,2,7664,ELLG2368A
58,2024-10-03,2024-10-18,PR201008029,DN201006232,399_5310_24S2GTA001,SHAH KOTHARI BROS,2,2,5310,24S2GTA001
59,2024-10-03,2024-10-19,PR201008030,DN201006265,399_7301_J304788,SHAH KOTHARI BROS,1,1,7301,J304788
60,2024-10-03,2024-10-18,PR201008029,DN201006250,399_6592_N2302959,SHAH KOTHARI BROS,2,2,6592,N2302959
61,2024-10-03,2024-10-19,PR201008031,DN201006292,399_6536_EB40020,SHAH KOTHARI BROS,20,4,6536,EB40020
62,2024-10-03,2024-10-19,PR201008030,DN201006260,399_6347_RGA0165,SHAH KOTHARI BROS,1,1,6347,RGA0165
63,2024-10-03,2024-10-18,PR201008029,DN201006248,399_6262_FJA0037,SHAH KOTHARI BROS,2,2,6262,FJA0037
64,2024-10-03,2024-10-19,PR201008031,DN201006287,399_6123_M4062,SHAH KOTHARI BROS,2,2,6123,M4062
65,2024-10-03,2024-10-19,PR201008030,DN201006268,399_6047_24S2HTA247,SHAH KOTHARI BROS,2,2,6047,24S2HTA247
66,2024-10-03,2024-10-19,PR201008031,DN201006281,399_6041_W21381,SHAH KOTHARI BROS,1,1,6041,W21381
67,2024-10-03,2024-10-04,PR201008024,DN201005621,399_5880_MET240529,SHAH KOTHARI BROS,1,1,5880,MET240529
68,2024-10-03,2024-10-19,PR201008030,DN201006266,399_6919_GKE1355A,SHAH KOTHARI BROS,6,6,6919,GKE1355A
69,2024-10-03,2024-10-18,PR201008029,DN201006242,399_19432_AA035,SHAH KOTHARI BROS,1,1,19432,AA035
70,2024-10-03,2024-10-19,PR201008031,DN201006291,399_3897_ZF3004,SHAH KOTHARI BROS,1,1,3897,ZF3004
71,2024-10-03,2024-10-18,PR201008029,DN201006246,399_18610_23I1834,SHAH KOTHARI BROS,1,1,18610,23I1834
72,2024-10-03,2024-10-19,PR201008031,DN201006290,399_18857_BSSL23005,SHAH KOTHARI BROS,1,1,18857,BSSL23005
80,2024-10-03,2024-10-19,PR201008030,DN201006272,399_10106_PST23043,SHAH KOTHARI BROS,11,11,10106,PST23043
81,2024-10-03,2024-10-19,PR201008030,DN201006182,399_10303_PR240202,SHAH KOTHARI BROS,1,1,10303,PR240202
82,2024-10-03,2024-10-15,PR201008029,DN201006231,399_11536_GKF0480A,SHAH KOTHARI BROS,5,5,11536,GKF0480A
83,2024-10-03,2024-10-19,PR201008031,DN201006275,399_12185_SC3013,SHAH KOTHARI BROS,1,1,12185,SC3013
84,2024-10-03,2024-10-19,PR201008031,DN201006275,399_12185_SC3016,SHAH KOTHARI BROS,7,7,12185,SC3016
85,2024-10-03,2024-10-19,PR201008031,DN201006277,399_12228_SBL2210,SHAH KOTHARI BROS,2,2,12228,SBL2210
87,2024-10-03,2024-10-19,PR201008031,DN201006276,399_12836_L1523559,SHAH KOTHARI BROS,1,1,12836,L1523559
88,2024-10-03,2024-10-19,PR201008030,DN201006181,399_17149_S24109402C,SHAH KOTHARI BROS,1,1,17149,S24109402C
89,2024-10-03,2024-10-18,PR201008029,DN201006237,399_1247_K2300858,SHAH KOTHARI BROS,5,5,1247,K2300858
90,2024-10-03,2024-10-19,PR201008031,DN201006280,399_15916_TL23048,SHAH KOTHARI BROS,1,1,15916,TL23048
91,2024-10-03,2024-10-18,PR201008029,DN201006236,399_15815_A23152SU,SHAH KOTHARI BROS,8,8,15815,A23152SU
92,2024-10-03,2024-10-18,PR201008029,DN201006178,399_15037_OD34K019,SHAH KOTHARI BROS,3,3,15037,OD34K019
93,2024-10-03,2024-10-19,PR201008030,DN201006256,399_14281_N2400382,SHAH KOTHARI BROS,7,7,14281,N2400382
94,2024-10-03,2024-10-19,PR201008030,DN201006179,399_14756_TUA80,SHAH KOTHARI BROS,2,2,14756,TUA80
95,2024-10-03,2024-10-18,PR201008029,DN201006249,399_13826_JKGP23012,SHAH KOTHARI BROS,3,3,13826,JKGP23012
96,2024-10-03,2024-10-19,PR201008030,DN201006269,399_13718_GTF0534A,SHAH KOTHARI BROS,7,7,13718,GTF0534A
97,2024-10-03,2024-10-19,PR201008030,DN201006258,399_13592_GTE0932A,SHAH KOTHARI BROS,14,14,13592,GTE0932A
98,2024-10-03,2024-10-19,PR201008030,DN201006271,399_12963_UA00247,SHAH KOTHARI BROS,2,2,12963,UA00247
99,2024-10-03,2024-10-19,PR201008030,DN201006270,399_12963_U302895,SHAH KOTHARI BROS,1,1,12963,U302895
100,2024-10-03,2024-10-19,PR201008031,DN201006276,399_12836_L1524018,SHAH KOTHARI BROS,1,1,12836,L1524018
155,2024-10-04,2024-10-05,PR201008102,DN201005654,399_12223_SXF0465A,SHAH KOTHARI BROS,1,1,12223,SXF0465A
251,2024-10-05,2024-10-07,PR201008120,DN201005669,399_16020_CLB24003SH,SHAH KOTHARI BROS,1,1,16020,CLB24003SH
258,2024-10-06,2024-10-12,PR201008195,DN201006212,399_10965_G4AGV047,SHAH KOTHARI BROS,2,2,10965,G4AGV047
259,2024-10-06,2024-10-12,PR201008195,DN201006212,399_11077_G2AGV022,SHAH KOTHARI BROS,2,2,11077,G2AGV022
260,2024-10-06,2024-10-09,PR201008199,DN201006193,399_11239_RCD23001,SHAH KOTHARI BROS,3,3,11239,RCD23001
261,2024-10-06,2024-10-09,PR201008199,DN201006193,399_11378_SID2948A,SHAH KOTHARI BROS,2,2,11378,SID2948A
262,2024-10-06,2024-10-09,PR201008199,DN201006193,399_11380_NFA0100,SHAH KOTHARI BROS,1,1,11380,NFA0100
263,2024-10-06,2024-10-12,PR201008198,DN201006221,399_11384_GKD2267A,SHAH KOTHARI BROS,2,2,11384,GKD2267A
264,2024-10-06,2024-10-12,PR201008198,DN201006221,399_11467_K2201996,SHAH KOTHARI BROS,1,1,11467,K2201996
265,2024-10-06,2024-10-12,PR201008195,DN201006212,399_11540_GKD1907A,SHAH KOTHARI BROS,1,1,11540,GKD1907A
266,2024-10-06,2024-10-09,PR201008194,DN201006191,399_11647_SA21561,SHAH KOTHARI BROS,3,3,11647,SA21561
267,2024-10-06,2024-10-12,PR201008198,DN201006221,399_11751_SID1480A,SHAH KOTHARI BROS,2,2,11751,SID1480A
268,2024-10-06,2024-10-12,PR201008198,DN201006221,399_11788_CRICL0322,SHAH KOTHARI BROS,8,8,11788,CRICL0322
269,2024-10-06,2024-10-12,PR201008198,DN201006221,399_11791_BRIAL0722,SHAH KOTHARI BROS,1,1,11791,BRIAL0722
270,2024-10-06,2024-10-17,PR201008205,DN201006228,399_11929_B020164,SHAH KOTHARI BROS,1,1,11929,B020164
271,2024-10-06,2024-10-09,PR201008194,DN201006191,399_11932_21443907,SHAH KOTHARI BROS,1,1,11932,21443907
272,2024-10-06,2024-10-09,PR201008199,DN201006193,399_12142_8LV3K004,SHAH KOTHARI BROS,1,1,12142,8LV3K004
273,2024-10-06,2024-10-09,PR201008194,DN201006191,399_10631_SIC3219A,SHAH KOTHARI BROS,1,1,10631,SIC3219A
274,2024-10-06,2024-10-09,PR201008194,DN201006191,399_10597_K2202559,SHAH KOTHARI BROS,1,1,10597,K2202559
275,2024-10-06,2024-10-12,PR201008196,DN201006208,399_10592_N2103406,SHAH KOTHARI BROS,6,6,10592,N2103406
277,2024-10-06,2024-10-12,PR201008198,DN201006221,399_12285_V2101157,SHAH KOTHARI BROS,6,6,12285,V2101157
278,2024-10-06,2024-10-09,PR201008204,DN201006190,399_10057_SIC3270A,SHAH KOTHARI BROS,1,1,10057,SIC3270A
279,2024-10-06,2024-10-09,PR201008204,DN201006190,399_10057_SID0040A,SHAH KOTHARI BROS,2,2,10057,SID0040A
280,2024-10-06,2024-10-09,PR201008203,DN201006200,399_10078_GTD2548A,SHAH KOTHARI BROS,2,2,10078,GTD2548A
281,2024-10-06,2024-10-09,PR201008204,DN201006190,399_10088_GG10587,SHAH KOTHARI BROS,1,1,10088,GG10587
282,2024-10-06,2024-10-09,PR201008204,DN201006190,399_10088_GG20077,SHAH KOTHARI BROS,1,1,10088,GG20077
283,2024-10-06,2024-10-09,PR201008203,DN201006200,399_10191_A08332204,SHAH KOTHARI BROS,9,9,10191,A08332204
284,2024-10-06,2024-10-12,PR201008195,DN201006212,399_12493_GKD2309A,SHAH KOTHARI BROS,1,1,12493,GKD2309A
285,2024-10-06,2024-10-12,PR201008196,DN201006208,399_16775_VLT23004,SHAH KOTHARI BROS,10,10,16775,VLT23004
286,2024-10-06,2024-10-12,PR201008201,DN201006216,399_16935_XWZ0006,SHAH KOTHARI BROS,1,1,16935,XWZ0006
287,2024-10-06,2024-10-12,PR201008197,DN201006207,399_17255_GKE1612A,SHAH KOTHARI BROS,3,3,17255,GKE1612A
288,2024-10-06,2024-10-09,PR201008203,DN201006200,399_18784_23441979,SHAH KOTHARI BROS,3,3,18784,23441979
289,2024-10-06,2024-10-09,PR201008202,DN201006202,399_2018_N2103087,SHAH KOTHARI BROS,1,1,2018,N2103087
290,2024-10-06,2024-10-09,PR201008202,DN201006202,399_2054_GTD2726A,SHAH KOTHARI BROS,1,1,2054,GTD2726A
291,2024-10-06,2024-10-12,PR201008195,DN201006212,399_2555_N2103396,SHAH KOTHARI BROS,3,3,2555,N2103396
292,2024-10-06,2024-10-09,PR201008202,DN201006202,399_2557_N2103397,SHAH KOTHARI BROS,1,1,2557,N2103397
293,2024-10-06,2024-10-09,PR201008205,DN201006204,399_2702_UN22033GJ,SHAH KOTHARI BROS,3,3,2702,UN22033GJ
294,2024-10-06,2024-10-12,PR201008198,DN201006221,399_16603_T23002OP,SHAH KOTHARI BROS,3,4,16603,T23002OP
295,2024-10-06,2024-10-09,PR201008203,DN201006200,399_16257_22S2GTD128,SHAH KOTHARI BROS,1,1,16257,22S2GTD128
296,2024-10-06,2024-10-12,PR201008195,DN201006212,399_15337_N2203517,SHAH KOTHARI BROS,3,3,15337,N2203517
297,2024-10-06,2024-10-09,PR201008205,DN201006204,399_15028_D220641,SHAH KOTHARI BROS,2,2,15028,D220641
298,2024-10-06,2024-10-09,PR201008194,DN201006191,399_12795_BA23349,SHAH KOTHARI BROS,21,21,12795,BA23349
299,2024-10-06,2024-10-09,PR201008194,DN201006191,399_1357_23S1GTA270,SHAH KOTHARI BROS,1,1,1357,23S1GTA270
300,2024-10-06,2024-10-12,PR201008198,DN201006221,399_13591_GTD0533A,SHAH KOTHARI BROS,2,2,13591,GTD0533A
301,2024-10-06,2024-10-12,PR201008198,DN201006221,399_13624_U102527,SHAH KOTHARI BROS,5,5,13624,U102527
302,2024-10-06,2024-10-12,PR201008195,DN201006212,399_13871_TLS2205,SHAH KOTHARI BROS,2,2,13871,TLS2205
303,2024-10-06,2024-10-12,PR201008195,DN201006212,399_12451_V2201476,SHAH KOTHARI BROS,6,6,12451,V2201476
304,2024-10-06,2024-10-12,PR201008196,DN201006208,399_14136_OEW9J032,SHAH KOTHARI BROS,1,1,14136,OEW9J032
305,2024-10-06,2024-10-09,PR201008205,DN201006204,399_14561_673H020,SHAH KOTHARI BROS,2,2,14561,673H020
306,2024-10-06,2024-10-09,PR201008149,DN201006204,399_14561_673H020,SHAH KOTHARI BROS,2,2,14561,673H020
307,2024-10-06,2024-10-12,PR201008196,DN201006208,399_14654_N2203307,SHAH KOTHARI BROS,7,7,14654,N2203307
308,2024-10-06,2024-10-12,PR201008195,DN201006212,399_1469_LAY0057,SHAH KOTHARI BROS,2,2,1469,LAY0057
309,2024-10-06,2024-10-12,PR201008198,DN201006221,399_14776_SB20645,SHAH KOTHARI BROS,2,2,14776,SB20645
375,2024-10-06,2024-10-12,PR201008197,DN201006207,399_2830_G2CH221002,SHAH KOTHARI BROS,2,2,2830,G2CH221002
385,2024-10-06,2024-10-12,PR201008195,DN201006212,399_3172_K2202381,SHAH KOTHARI BROS,1,1,3172,K2202381
456,2024-10-06,2024-10-09,PR201008203,DN201006200,399_5889_56001245,SHAH KOTHARI BROS,5,5,5889,56001245
457,2024-10-06,2024-10-09,PR201008149,DN201006201,399_6271_D486059,SHAH KOTHARI BROS,2,2,6271,D486059
458,2024-10-06,2024-10-09,PR201008206,DN201006192,399_6285_D492421H,SHAH KOTHARI BROS,5,5,6285,D492421H
459,2024-10-06,2024-10-12,PR201008201,DN201006216,399_6307_VRA2258,SHAH KOTHARI BROS,1,1,6307,VRA2258
460,2024-10-06,2024-10-12,PR201008198,DN201006221,399_6444_BEY1317,SHAH KOTHARI BROS,1,1,6444,BEY1317
461,2024-10-06,2024-10-12,PR201008197,DN201006207,399_6649_DRC11254A,SHAH KOTHARI BROS,2,2,6649,DRC11254A
462,2024-10-06,2024-10-09,PR201008205,DN201006204,399_6706_KCT22048,SHAH KOTHARI BROS,1,1,6706,KCT22048
463,2024-10-06,2024-10-09,PR201008205,DN201006204,399_6707_KCT22044,SHAH KOTHARI BROS,1,1,6707,KCT22044
464,2024-10-06,2024-10-09,PR201008149,DN201006201,399_6937_GKD1958A,SHAH KOTHARI BROS,1,1,6937,GKD1958A
465,2024-10-06,2024-10-09,PR201008199,DN201006193,399_694_47000439,SHAH KOTHARI BROS,1,1,694,47000439
466,2024-10-06,2024-10-12,PR201008197,DN201006207,399_6968_N2103067,SHAH KOTHARI BROS,1,1,6968,N2103067
467,2024-10-06,2024-10-09,PR201008202,DN201006202,399_7293_N2103179,SHAH KOTHARI BROS,4,4,7293,N2103179
468,2024-10-06,2024-10-09,PR201008202,DN201006202,399_7978_2212333,SHAH KOTHARI BROS,1,1,7978,2212333
469,2024-10-06,2024-10-09,PR201008203,DN201006200,399_5870_121TGR001,SHAH KOTHARI BROS,1,1,5870,121TGR001
470,2024-10-06,2024-10-09,PR201008203,DN201006200,399_5776_SIC3197A,SHAH KOTHARI BROS,10,10,5776,SIC3197A
471,2024-10-06,2024-10-09,PR201008197,DN201006203,399_3286_V2101112,SHAH KOTHARI BROS,1,1,3286,V2101112
472,2024-10-06,2024-10-09,PR201008202,DN201006202,399_3739_RGV4J005,SHAH KOTHARI BROS,1,1,3739,RGV4J005
473,2024-10-06,2024-10-12,PR201008201,DN201006216,399_3771_BA23464,SHAH KOTHARI BROS,1,1,3771,BA23464
474,2024-10-06,2024-10-12,PR201008197,DN201006207,399_3783_SPM221981,SHAH KOTHARI BROS,4,4,3783,SPM221981
475,2024-10-06,2024-10-12,PR201008197,DN201006207,399_3787_56001252,SHAH KOTHARI BROS,3,3,3787,56001252
476,2024-10-06,2024-10-12,PR201008195,DN201006212,399_4015_GBLD0001,SHAH KOTHARI BROS,2,2,4015,GBLD0001
477,2024-10-06,2024-10-12,PR201008201,DN201006216,399_7994_MPF232331,SHAH KOTHARI BROS,1,1,7994,MPF232331
478,2024-10-06,2024-10-12,PR201008195,DN201006212,399_4465_SID1580A,SHAH KOTHARI BROS,2,2,4465,SID1580A
479,2024-10-06,2024-10-12,PR201008197,DN201006207,399_4685_GKC1957A,SHAH KOTHARI BROS,7,7,4685,GKC1957A
480,2024-10-06,2024-10-12,PR201008201,DN201006216,399_4894_ML23919,SHAH KOTHARI BROS,1,1,4894,ML23919
481,2024-10-06,2024-10-09,PR201008203,DN201006200,399_4993_N2103402,SHAH KOTHARI BROS,3,3,4993,N2103402
482,2024-10-06,2024-10-09,PR201008203,DN201006200,399_5141_I204437,SHAH KOTHARI BROS,1,1,5141,I204437
483,2024-10-06,2024-10-12,PR201008201,DN201006216,399_5427_22443353,SHAH KOTHARI BROS,1,1,5427,22443353
484,2024-10-06,2024-10-09,PR201008203,DN201006200,399_5647_EGMF2014,SHAH KOTHARI BROS,3,3,5647,EGMF2014
485,2024-10-06,2024-10-12,PR201008197,DN201006207,399_8178_2EM2H011,SHAH KOTHARI BROS,1,1,8178,2EM2H011
486,2024-10-06,2024-10-09,PR201008203,DN201006200,399_8921_U201709,SHAH KOTHARI BROS,1,1,8921,U201709
487,2024-10-06,2024-10-12,PR201008148,DN201006217,399_9033_N2301273,SHAH KOTHARI BROS,1,1,9033,N2301273
503,2024-10-06,2024-10-09,PR201008202,DN201006202,399_3090_SRD2222,SHAH KOTHARI BROS,20,20,3090,SRD2222
506,2024-10-06,2024-10-12,PR201008201,DN201006216,399_9096_SID3339A,SHAH KOTHARI BROS,3,3,9096,SID3339A
507,2024-10-06,2024-10-09,PR201008149,DN201006201,399_9192_14TNS114,SHAH KOTHARI BROS,1,1,9192,14TNS114
508,2024-10-06,2024-10-09,PR201008202,DN201006202,399_9720_SID1466A,SHAH KOTHARI BROS,1,1,9720,SID1466A
509,2024-10-06,2024-10-09,PR201008203,DN201006200,399_9727_SID1458A,SHAH KOTHARI BROS,1,1,9727,SID1458A
523,2024-10-06,2024-10-12,PR201008196,DN201006208,399_85_D2200550,SHAH KOTHARI BROS,2,2,85,D2200550
747,2024-10-08,2024-10-08,PR201008227,DN201005679,399_8504_K2401216,SHAH KOTHARI BROS,1,1,8504,K2401216
748,2024-10-08,2024-10-08,PR201008235,DN201005683,399_13895_KTD2402A,SHAH KOTHARI BROS,1,1,13895,KTD2402A
1046,2024-10-10,2024-10-12,PR201008301,DN201006213,399_9983_E710703,SHAH KOTHARI BROS,1,1,9983,E710703
1070,2024-10-10,2024-10-12,PR201008294,DN201006210,399_960_I204909,SHAH KOTHARI BROS,16,16,960,I204909
1071,2024-10-10,2024-10-17,PR201008303,DN201006226,399_9361_U202451,SHAH KOTHARI BROS,1,1,9361,U202451
1072,2024-10-10,2024-10-12,PR201008301,DN201006213,399_7036_1NA0079,SHAH KOTHARI BROS,1,1,7036,1NA0079
1073,2024-10-10,2024-10-12,PR201008295,DN201006224,399_7025_PKNAK64,SHAH KOTHARI BROS,2,2,7025,PKNAK64
1074,2024-10-10,2024-10-12,PR201008302,DN201006207,399_6968_N2103067,SHAH KOTHARI BROS,5,1,6968,N2103067
1075,2024-10-10,2024-10-12,PR201008295,DN201006224,399_6507_N2203229,SHAH KOTHARI BROS,1,1,6507,N2203229
1076,2024-10-10,2024-10-17,PR201008304,DN201006229,399_6242_22510613,SHAH KOTHARI BROS,3,3,6242,22510613
1077,2024-10-10,2024-10-17,PR201008300,DN201006228,399_6205_252201094,SHAH KOTHARI BROS,1,1,6205,252201094
1078,2024-10-10,2024-10-17,PR201008303,DN201006226,399_5958_GKD2017A,SHAH KOTHARI BROS,3,3,5958,GKD2017A
1079,2024-10-10,2024-10-12,PR201008301,DN201006213,399_5889_56001183,SHAH KOTHARI BROS,1,1,5889,56001183
1080,2024-10-10,2024-10-12,PR201008301,DN201006213,399_5888_56000787,SHAH KOTHARI BROS,14,14,5888,56000787
1081,2024-10-10,2024-10-12,PR201008301,DN201006213,399_5888_56000771,SHAH KOTHARI BROS,25,25,5888,56000771
1082,2024-10-10,2024-10-12,PR201008296,DN201006206,399_5868_60000117,SHAH KOTHARI BROS,3,3,5868,60000117
1083,2024-10-10,2024-10-17,PR201008304,DN201006229,399_5473_8R78,SHAH KOTHARI BROS,1,1,5473,8R78
1084,2024-10-10,2024-10-12,PR201008296,DN201006206,399_5439_SID3168A,SHAH KOTHARI BROS,11,11,5439,SID3168A
1085,2024-10-10,2024-10-12,PR201008301,DN201006213,399_7036_1NA0095,SHAH KOTHARI BROS,7,7,7036,1NA0095
1086,2024-10-10,2024-10-12,PR201008295,DN201006224,399_7108_D2301234,SHAH KOTHARI BROS,1,1,7108,D2301234
1087,2024-10-10,2024-10-12,PR201008295,DN201006224,399_7293_N2103179,SHAH KOTHARI BROS,5,5,7293,N2103179
1088,2024-10-10,2024-10-12,PR201008299,DN201006211,399_924_SA13385,SHAH KOTHARI BROS,1,1,924,SA13385
1089,2024-10-10,2024-10-17,PR201008304,DN201006229,399_9155_VI23015,SHAH KOTHARI BROS,4,4,9155,VI23015
1090,2024-10-10,2024-10-12,PR201008295,DN201006213,399_9129_SID3096A,SHAH KOTHARI BROS,2,3,9129,SID3096A
1091,2024-10-10,2024-10-12,PR201008301,DN201006213,399_9129_SID3096A,SHAH KOTHARI BROS,2,3,9129,SID3096A
1092,2024-10-10,2024-10-12,PR201008295,DN201006224,399_9129_SID3046A,SHAH KOTHARI BROS,7,9,9129,SID3046A
1093,2024-10-10,2024-10-12,PR201008301,DN201006224,399_9129_SID3046A,SHAH KOTHARI BROS,1,9,9129,SID3046A
1094,2024-10-10,2024-10-17,PR201008304,DN201006229,399_9121_56TNL051,SHAH KOTHARI BROS,6,6,9121,56TNL051
1095,2024-10-10,2024-10-12,PR201008304,DN201006217,399_9033_N2301273,SHAH KOTHARI BROS,5,1,9033,N2301273
1096,2024-10-10,2024-10-17,PR201008304,DN201006229,399_9475_D71W006,SHAH KOTHARI BROS,4,4,9475,D71W006
1097,2024-10-10,2024-10-12,PR201008294,DN201006210,399_8504_K2102333,SHAH KOTHARI BROS,2,2,8504,K2102333
1098,2024-10-10,2024-10-12,PR201008295,DN201006224,399_8210_SID2944A,SHAH KOTHARI BROS,3,3,8210,SID2944A
1099,2024-10-10,2024-11-28,PR201008302,DN201006554,399_8178_2EM2H012,SHAH KOTHARI BROS,2,3,8178,2EM2H012
1100,2024-10-10,2024-10-12,PR201008295,DN201006224,399_8090_ZGZ0019,SHAH KOTHARI BROS,7,7,8090,ZGZ0019
1101,2024-10-10,2024-10-12,PR201008295,DN201006224,399_8088_SGZ0196,SHAH KOTHARI BROS,6,6,8088,SGZ0196
1102,2024-10-10,2024-10-17,PR201008304,DN201006229,399_7994_MPE231856,SHAH KOTHARI BROS,3,3,7994,MPE231856
1103,2024-10-10,2024-11-28,PR201008302,DN201006537,399_8898_MPL224888,SHAH KOTHARI BROS,15,3,8898,MPL224888
1165,2024-10-10,2024-10-17,PR201008300,DN201006228,399_5423_GN8215,SHAH KOTHARI BROS,1,1,5423,GN8215
1188,2024-10-10,2024-10-12,PR201008295,DN201006224,399_5354_JMD0762A,SHAH KOTHARI BROS,4,4,5354,JMD0762A
1189,2024-10-10,2024-10-12,PR201008296,DN201006206,399_5113_HE3714,SHAH KOTHARI BROS,3,3,5113,HE3714
1190,2024-10-10,2024-10-17,PR201008297,DN201006227,399_10676_2BF9J004,SHAH KOTHARI BROS,4,4,10676,2BF9J004
1191,2024-10-10,2024-10-12,PR201008293,DN201006222,399_10617_JBV7J007,SHAH KOTHARI BROS,7,7,10617,JBV7J007
1192,2024-10-10,2024-10-12,PR201008301,DN201006213,399_10174_SID3144A,SHAH KOTHARI BROS,1,1,10174,SID3144A
1193,2024-10-10,2024-10-12,PR201008301,DN201006213,399_10033_GE4453,SHAH KOTHARI BROS,2,2,10033,GE4453
1194,2024-10-10,2024-10-12,PR201008296,DN201006206,399_109_JKAD22058,SHAH KOTHARI BROS,1,1,109,JKAD22058
1195,2024-10-10,2024-10-12,PR201008296,DN201006206,399_11182_E2103769,SHAH KOTHARI BROS,6,6,11182,E2103769
1196,2024-10-10,2024-10-12,PR201008298,DN201006205,399_11378_SID2948A,SHAH KOTHARI BROS,3,3,11378,SID2948A
1197,2024-10-10,2024-10-12,PR201008293,DN201006222,399_12314_D221352,SHAH KOTHARI BROS,7,7,12314,D221352
1198,2024-10-10,2024-10-12,PR201008298,DN201006205,399_12151_GBAC0032,SHAH KOTHARI BROS,2,2,12151,GBAC0032
1199,2024-10-10,2024-10-12,PR201008298,DN201006205,399_12001_14TSD226,SHAH KOTHARI BROS,2,2,12001,14TSD226
1200,2024-10-10,2024-10-17,PR201008300,DN201006228,399_11929_B020164,SHAH KOTHARI BROS,1,1,11929,B020164
1201,2024-10-10,2024-10-12,PR201008293,DN201006222,399_11927_INP22BV17,SHAH KOTHARI BROS,1,1,11927,INP22BV17
1202,2024-10-10,2024-10-17,PR201008297,DN201006227,399_11917_N2103201,SHAH KOTHARI BROS,2,2,11917,N2103201
1203,2024-10-10,2024-10-12,PR201008297,DN201006221,399_11788_CRICL0322,SHAH KOTHARI BROS,9,8,11788,CRICL0322
1204,2024-10-10,2024-10-12,PR201008293,DN201006222,399_11768_OBK5J065,SHAH KOTHARI BROS,5,5,11768,OBK5J065
1205,2024-10-10,2024-10-12,PR201008293,DN201006222,399_11755_GKD2042A,SHAH KOTHARI BROS,4,4,11755,GKD2042A
1206,2024-10-10,2024-10-12,PR201008293,DN201006222,399_11742_FHZ0867,SHAH KOTHARI BROS,3,3,11742,FHZ0867
1207,2024-10-10,2024-10-12,PR201008296,DN201006206,399_11661_KRV2307A,SHAH KOTHARI BROS,1,1,11661,KRV2307A
1208,2024-10-10,2024-10-12,PR201008296,DN201006206,399_11579_ROC18,SHAH KOTHARI BROS,4,4,11579,ROC18
1209,2024-10-10,2024-10-17,PR201008297,DN201006227,399_11470_N2103032,SHAH KOTHARI BROS,1,1,11470,N2103032
1210,2024-10-10,2024-10-12,PR201008298,DN201006205,399_11378_SID2950A,SHAH KOTHARI BROS,2,2,11378,SID2950A
1211,2024-10-10,2024-10-17,PR201008297,DN201006227,399_11790_HRIDL0822,SHAH KOTHARI BROS,1,1,11790,HRIDL0822
1212,2024-10-10,2024-10-12,PR201008298,DN201006205,399_12327_2CH57,SHAH KOTHARI BROS,3,3,12327,2CH57
1240,2024-10-10,2024-10-17,PR201008300,DN201006228,399_12432_AJ20141,SHAH KOTHARI BROS,1,1,12432,AJ20141
1241,2024-10-10,2024-10-12,PR201008293,DN201006222,399_12492_SLT221128,SHAH KOTHARI BROS,1,1,12492,SLT221128
1242,2024-10-10,2024-10-12,PR201008296,DN201006206,399_2741_A104893,SHAH KOTHARI BROS,3,3,2741,A104893
1243,2024-10-10,2024-10-12,PR201008295,DN201006224,399_2590_J303993,SHAH KOTHARI BROS,2,2,2590,J303993
1244,2024-10-10,2024-10-12,PR201008295,DN201006224,399_2015_N2103263,SHAH KOTHARI BROS,1,1,2015,N2103263
1245,2024-10-10,2024-10-12,PR201008299,DN201006211,399_1900_D12W079,SHAH KOTHARI BROS,2,2,1900,D12W079
1246,2024-10-10,2024-10-12,PR201008299,DN201006211,399_1900_D12W068,SHAH KOTHARI BROS,2,2,1900,D12W068
1247,2024-10-10,2024-10-12,PR201008301,DN201006213,399_18830_DPE231165,SHAH KOTHARI BROS,1,1,18830,DPE231165
1248,2024-10-10,2024-10-12,PR201008301,DN201006213,399_18535_A3555,SHAH KOTHARI BROS,2,2,18535,A3555
1249,2024-10-10,2024-10-12,PR201008299,DN201006211,399_1832_CALP22028,SHAH KOTHARI BROS,1,1,1832,CALP22028
1250,2024-10-10,2024-10-12,PR201008301,DN201006213,399_17975_770P2222F,SHAH KOTHARI BROS,1,3,17975,770P2222F
1252,2024-10-10,2024-10-12,PR201008299,DN201006211,399_17151_ZDG2226,SHAH KOTHARI BROS,1,1,17151,ZDG2226
1253,2024-10-10,2024-10-12,PR201008299,DN201006211,399_1698_GTD2260A,SHAH KOTHARI BROS,3,3,1698,GTD2260A
1254,2024-10-10,2024-10-17,PR201008303,DN201006226,399_16796_ZHZ0060,SHAH KOTHARI BROS,5,5,16796,ZHZ0060
1255,2024-10-10,2024-10-12,PR201008294,DN201006210,399_16795_ZHZ0059,SHAH KOTHARI BROS,2,2,16795,ZHZ0059
1256,2024-10-10,2024-10-12,PR201008299,DN201006211,399_16729_ZMA0007,SHAH KOTHARI BROS,2,2,16729,ZMA0007
1257,2024-10-10,2024-10-12,PR201008295,DN201006224,399_2831_2173J020,SHAH KOTHARI BROS,4,4,2831,2173J020
1258,2024-10-10,2024-10-12,PR201008293,DN201006222,399_31_GTD2366A,SHAH KOTHARI BROS,1,1,31,GTD2366A
1259,2024-10-10,2024-10-12,PR201008302,DN201006207,399_3286_V2101112,SHAH KOTHARI BROS,7,1,3286,V2101112
1260,2024-10-10,2024-10-17,PR201008300,DN201006228,399_3460_532307D7,SHAH KOTHARI BROS,1,1,3460,532307D7
1261,2024-10-10,2024-10-17,PR201008304,DN201006229,399_5111_2232015F,SHAH KOTHARI BROS,1,1,5111,2232015F
1262,2024-10-10,2024-10-12,PR201008293,DN201006222,399_508_V2101119,SHAH KOTHARI BROS,2,2,508,V2101119
1263,2024-10-10,2024-10-17,PR201008304,DN201006229,399_5076_TT22161,SHAH KOTHARI BROS,3,3,5076,TT22161
1264,2024-10-10,2024-10-17,PR201008304,DN201006229,399_5076_TT22141,SHAH KOTHARI BROS,3,3,5076,TT22141
1265,2024-10-10,2024-10-17,PR201008304,DN201006229,399_5075_TT22156,SHAH KOTHARI BROS,3,3,5075,TT22156
1266,2024-10-10,2024-10-12,PR201008293,DN201006222,399_497_2CR3H012,SHAH KOTHARI BROS,4,4,497,2CR3H012
1267,2024-10-10,2024-10-12,PR201008296,DN201006206,399_4920_CV81J008,SHAH KOTHARI BROS,1,1,4920,CV81J008
1268,2024-10-10,2024-10-12,PR201008295,DN201006224,399_4755_2396J008,SHAH KOTHARI BROS,1,1,4755,2396J008
1269,2024-10-10,2024-10-12,PR201008299,DN201006211,399_1632_2HV7J020,SHAH KOTHARI BROS,2,2,1632,2HV7J020
1270,2024-10-10,2024-10-17,PR201008303,DN201006226,399_4506_2HG3J007,SHAH KOTHARI BROS,2,2,4506,2HG3J007
1271,2024-10-10,2024-10-17,PR201008304,DN201006229,399_3962_DD123192,SHAH KOTHARI BROS,3,3,3962,DD123192
1272,2024-10-10,2024-10-12,PR201008296,DN201006206,399_3873_SGVC0118,SHAH KOTHARI BROS,5,5,3873,SGVC0118
1273,2024-10-10,2024-10-17,PR201008300,DN201006228,399_3858_AB2041,SHAH KOTHARI BROS,4,4,3858,AB2041
1274,2024-10-10,2024-10-12,PR201008304,DN201006216,399_3771_BA23464,SHAH KOTHARI BROS,2,1,3771,BA23464
1275,2024-10-10,2024-10-12,PR201008296,DN201006206,399_3709_18220782,SHAH KOTHARI BROS,6,6,3709,18220782
1276,2024-10-10,2024-10-12,PR201008296,DN201006206,399_3652_GTD2619A,SHAH KOTHARI BROS,6,6,3652,GTD2619A
1277,2024-10-10,2024-10-12,PR201008296,DN201006206,399_3504_2T15H015,SHAH KOTHARI BROS,2,2,3504,2T15H015
1278,2024-10-10,2024-10-17,PR201008304,DN201006229,399_16260_BA30961,SHAH KOTHARI BROS,2,2,16260,BA30961
1279,2024-10-10,2024-10-12,PR201008296,DN201006206,399_15822_K2202361,SHAH KOTHARI BROS,6,6,15822,K2202361
1280,2024-10-10,2024-10-12,PR201008301,DN201006213,399_15731_PXZ0058,SHAH KOTHARI BROS,1,1,15731,PXZ0058
1281,2024-10-10,2024-10-12,PR201008294,DN201006210,399_13839_GTMS21009,SHAH KOTHARI BROS,2,2,13839,GTMS21009
1282,2024-10-10,2024-10-17,PR201008303,DN201006226,399_13674_2J79J005,SHAH KOTHARI BROS,6,6,13674,2J79J005
1283,2024-10-10,2024-10-17,PR201008303,DN201006226,399_13671_2DD1H005,SHAH KOTHARI BROS,6,6,13671,2DD1H005
1284,2024-10-10,2024-10-17,PR201008303,DN201006226,399_13671_2DD1H004,SHAH KOTHARI BROS,15,15,13671,2DD1H004
1285,2024-10-10,2024-10-12,PR201008303,DN201006221,399_13624_U102527,SHAH KOTHARI BROS,1,5,13624,U102527
1286,2024-10-10,2024-10-12,PR201008294,DN201006210,399_1357_23S1GTA482,SHAH KOTHARI BROS,15,12,1357,23S1GTA482
1287,2024-10-10,2024-10-12,PR201008294,DN201006210,399_1356_23S1GTA481,SHAH KOTHARI BROS,24,24,1356,23S1GTA481
1288,2024-10-10,2024-10-17,PR201008297,DN201006227,399_13517_2F90J002,SHAH KOTHARI BROS,45,45,13517,2F90J002
1289,2024-10-10,2024-10-12,PR201008293,DN201006222,399_13424_GTQ22022A,SHAH KOTHARI BROS,1,1,13424,GTQ22022A
1290,2024-10-10,2024-10-17,PR201008297,DN201006227,399_13213_I204431,SHAH KOTHARI BROS,1,1,13213,I204431
1291,2024-10-10,2024-10-12,PR201008299,DN201006211,399_1315_2329039O,SHAH KOTHARI BROS,12,12,1315,2329039O
1292,2024-10-10,2024-10-12,PR201008293,DN201006222,399_13142_SPL221748,SHAH KOTHARI BROS,10,10,13142,SPL221748
1293,2024-10-10,2024-10-12,PR201008293,DN201006222,399_13034_TMO2231A,SHAH KOTHARI BROS,2,2,13034,TMO2231A
1294,2024-10-10,2024-10-12,PR201008296,DN201006206,399_1279_JP6M,SHAH KOTHARI BROS,2,2,1279,JP6M
1295,2024-10-10,2024-10-12,PR201008296,DN201006206,399_13871_TLS2204,SHAH KOTHARI BROS,2,2,13871,TLS2204
1296,2024-10-10,2024-10-17,PR201008303,DN201006226,399_15325_GKD2033A,SHAH KOTHARI BROS,2,2,15325,GKD2033A
1297,2024-10-10,2024-10-17,PR201008300,DN201006228,399_15190_ZVS23193,SHAH KOTHARI BROS,2,2,15190,ZVS23193
1298,2024-10-10,2024-10-12,PR201008299,DN201006211,399_15189_ZVD23042,SHAH KOTHARI BROS,1,1,15189,ZVD23042
1299,2024-10-10,2024-10-17,PR201008303,DN201006226,399_1497_K2102431,SHAH KOTHARI BROS,2,2,1497,K2102431
1300,2024-10-10,2024-10-17,PR201008303,DN201006226,399_14781_SB20461,SHAH KOTHARI BROS,6,5,14781,SB20461
1301,2024-10-10,2024-10-17,PR201008303,DN201006226,399_14776_SB20564,SHAH KOTHARI BROS,3,3,14776,SB20564
1302,2024-10-10,2024-10-12,PR201008294,DN201006210,399_14759_DVM119,SHAH KOTHARI BROS,5,5,14759,DVM119
1303,2024-10-10,2024-10-12,PR201008294,DN201006210,399_13943_TFHS2203,SHAH KOTHARI BROS,6,6,13943,TFHS2203
1304,2024-10-10,2024-10-12,PR201008294,DN201006210,399_1468_GKC1653A,SHAH KOTHARI BROS,2,2,1468,GKC1653A
1305,2024-10-10,2024-10-17,PR201008300,DN201006228,399_14561_673H020,SHAH KOTHARI BROS,12,12,14561,673H020
1306,2024-10-10,2024-10-12,PR201008294,DN201006210,399_14498_AXY1072,SHAH KOTHARI BROS,2,2,14498,AXY1072
1307,2024-10-10,2024-10-17,PR201008303,DN201006226,399_14293_EC10890,SHAH KOTHARI BROS,2,2,14293,EC10890
1308,2024-10-10,2024-10-12,PR201008294,DN201006210,399_14183_ABEBF0322,SHAH KOTHARI BROS,3,3,14183,ABEBF0322
1309,2024-10-10,2024-10-12,PR201008296,DN201006206,399_14683_SID1234A,SHAH KOTHARI BROS,1,1,14683,SID1234A
1310,2024-10-10,2024-10-12,PR201008295,DN201006224,399_17194_PGA0031,SHAH KOTHARI BROS,2,2,17194,PGA0031
1313,2024-10-11,2024-10-14,PR201008331,DN201005717,399_3435_SIE2991A,SHAH KOTHARI BROS,1,1,3435,SIE2991A
1320,2024-10-11,2024-10-14,PR201008333,DN201005714,399_5626_EGLM4002,SHAH KOTHARI BROS,1,1,5626,EGLM4002
1346,2024-10-16,2024-10-17,PR201008358,DN201005745,399_11930_24441421,SHAH KOTHARI BROS,1,1,11930,24441421
1359,2024-10-18,2024-10-19,PR201008371,DN201005761,399_16116_BA33316,SHAH KOTHARI BROS,1,1,16116,BA33316
1367,2024-10-19,2024-10-21,PR201008378,DN201005786,399_16116_4BA1580,SHAH KOTHARI BROS,1,1,16116,4BA1580
1384,2024-10-22,2024-10-22,PR201008393,DN201005796,399_5456_KGB2314A,SHAH KOTHARI BROS,9,9,5456,KGB2314A
1392,2024-10-23,2024-11-28,PR201008432,DN201006551,399_14683_SID1234A,SHAH KOTHARI BROS,1,1,14683,SID1234A
1393,2024-10-23,2024-11-28,PR201008429,DN201006560,399_14776_SB20564,SHAH KOTHARI BROS,1,1,14776,SB20564
1394,2024-10-23,2024-11-28,PR201008430,DN201006561,399_1500_WG23354,SHAH KOTHARI BROS,13,13,1500,WG23354
1395,2024-10-23,2024-11-29,PR201008434,DN201006562,399_15190_ZVS23193,SHAH KOTHARI BROS,1,1,15190,ZVS23193
1396,2024-10-23,2024-11-28,PR201008430,DN201006561,399_16236_PKNEQ26,SHAH KOTHARI BROS,1,1,16236,PKNEQ26
1397,2024-10-23,2024-11-28,PR201008432,DN201006551,399_15339_N2203153,SHAH KOTHARI BROS,1,1,15339,N2203153
1398,2024-10-23,2024-11-28,PR201008431,DN201006552,399_16096_N2203566,SHAH KOTHARI BROS,2,2,16096,N2203566
1399,2024-10-23,2024-11-19,PR201008434,DN201006529,399_14561_673H020,SHAH KOTHARI BROS,2,3,14561,673H020
1400,2024-10-23,2024-11-19,PR201008431,DN201006525,399_16404_PGA0032,SHAH KOTHARI BROS,5,2,16404,PGA0032
1401,2024-10-23,2024-11-28,PR201008430,DN201006561,399_15191_ZVT23120,SHAH KOTHARI BROS,2,2,15191,ZVT23120
1402,2024-10-23,2024-11-29,PR201008434,DN201006562,399_14151_UPS23004TP,SHAH KOTHARI BROS,4,4,14151,UPS23004TP
1403,2024-10-23,2024-11-28,PR201008429,DN201006553,399_13674_2J79J005,SHAH KOTHARI BROS,10,10,13674,2J79J005
1404,2024-10-23,2024-11-28,PR201008429,DN201006553,399_13671_2DD1H004,SHAH KOTHARI BROS,4,4,13671,2DD1H004
1405,2024-10-23,2024-11-28,PR201008431,DN201006556,399_1356_23S1GTA481,SHAH KOTHARI BROS,25,3,1356,23S1GTA481
1406,2024-10-23,2024-11-19,PR201008429,DN201006528,399_13517_2F90J002,SHAH KOTHARI BROS,13,1,13517,2F90J002
1407,2024-10-23,2024-11-28,PR201008432,DN201006551,399_13218_N2203352,SHAH KOTHARI BROS,2,2,13218,N2203352
1408,2024-10-23,2024-11-28,PR201008430,DN201006561,399_1315_2329039O,SHAH KOTHARI BROS,24,24,1315,2329039O
1409,2024-10-23,2024-11-28,PR201008431,DN201006552,399_12641_GTD2407A,SHAH KOTHARI BROS,3,3,12641,GTD2407A
1410,2024-10-23,2024-11-28,PR201008430,DN201006561,399_12151_GBAC0032,SHAH KOTHARI BROS,2,2,12151,GBAC0032
1411,2024-10-23,2024-11-28,PR201008429,DN201006553,399_16796_ZHZ0060,SHAH KOTHARI BROS,1,1,16796,ZHZ0060
1412,2024-10-23,2024-10-23,PR201008441,DN201005837,399_12001_14TSD289,SHAH KOTHARI BROS,1,1,12001,14TSD289
1413,2024-10-23,2024-11-28,PR201008431,DN201006552,399_13888_2F79H013,SHAH KOTHARI BROS,5,5,13888,2F79H013
1414,2024-10-23,2024-11-28,PR201008430,DN201006561,399_1698_GTD2260A,SHAH KOTHARI BROS,5,5,1698,GTD2260A
1416,2024-10-23,2024-10-23,PR201008445,DN201005822,399_18116_CRAL23008,SHAH KOTHARI BROS,1,1,18116,CRAL23008
1417,2024-10-23,2024-11-28,PR201008431,DN201006552,399_11927_INP22BV17,SHAH KOTHARI BROS,1,1,11927,INP22BV17
1418,2024-10-23,2024-11-28,PR201008432,DN201006551,399_5439_SID3168A,SHAH KOTHARI BROS,2,2,5439,SID3168A
1419,2024-10-23,2024-11-29,PR201008434,DN201006562,399_5423_GN8215,SHAH KOTHARI BROS,1,1,5423,GN8215
1420,2024-10-23,2024-11-28,PR201008432,DN201006551,399_5113_HE3714,SHAH KOTHARI BROS,1,1,5113,HE3714
1421,2024-10-23,2024-11-28,PR201008430,DN201006561,399_5111_2232015F,SHAH KOTHARI BROS,1,1,5111,2232015F
1422,2024-10-23,2024-11-28,PR201008430,DN201006561,399_5076_TT22161,SHAH KOTHARI BROS,5,5,5076,TT22161
1423,2024-10-23,2024-11-28,PR201008431,DN201006552,399_497_2CR3H012,SHAH KOTHARI BROS,4,3,497,2CR3H012
1424,2024-10-23,2024-11-28,PR201008432,DN201006551,399_4733_SID0968A,SHAH KOTHARI BROS,1,1,4733,SID0968A
1425,2024-10-23,2024-11-28,PR201008430,DN201006561,399_4560_3144C82301,SHAH KOTHARI BROS,5,5,4560,3144C82301
1426,2024-10-23,2024-11-28,PR201008429,DN201006560,399_4506_2HG3J007,SHAH KOTHARI BROS,2,3,4506,2HG3J007
1427,2024-10-23,2024-11-28,PR201008429,DN201006553,399_4505_2HG2J014,SHAH KOTHARI BROS,2,2,4505,2HG2J014
1428,2024-10-23,2024-11-28,PR201008430,DN201006561,399_3962_DD123192,SHAH KOTHARI BROS,2,2,3962,DD123192
1429,2024-10-23,2024-11-22,PR201008432,DN201006534,399_3873_SGVC0118,SHAH KOTHARI BROS,9,7,3873,SGVC0118
1430,2024-10-23,2024-11-28,PR201008430,DN201006561,399_3771_BA23464,SHAH KOTHARI BROS,1,1,3771,BA23464
1431,2024-10-23,2024-11-22,PR201008432,DN201006534,399_3709_18220782,SHAH KOTHARI BROS,2,1,3709,18220782
1432,2024-10-23,2024-11-28,PR201008433,DN201006557,399_3286_V2101112,SHAH KOTHARI BROS,4,1,3286,V2101112
1433,2024-10-23,2024-11-28,PR201008432,DN201006551,399_2741_A104893,SHAH KOTHARI BROS,5,6,2741,A104893
1434,2024-10-23,2024-11-28,PR201008431,DN201006552,399_19984_KBJ2305A,SHAH KOTHARI BROS,1,1,19984,KBJ2305A
1435,2024-10-23,2024-11-28,PR201008431,DN201006552,399_19426_2NF6J002,SHAH KOTHARI BROS,3,3,19426,2NF6J002
1436,2024-10-23,2024-11-28,PR201008430,DN201006561,399_1900_D12W057,SHAH KOTHARI BROS,3,3,1900,D12W057
1437,2024-10-23,2024-11-28,PR201008432,DN201006551,399_18077_EMV221697A,SHAH KOTHARI BROS,3,3,18077,EMV221697A
1438,2024-10-23,2024-11-28,PR201008431,DN201006552,399_1185_SID3124A,SHAH KOTHARI BROS,2,2,1185,SID3124A
1440,2024-10-23,2024-11-28,PR201008429,DN201006553,399_11788_CRICL0322,SHAH KOTHARI BROS,9,9,11788,CRICL0322
1453,2024-10-23,2024-11-28,PR201008430,DN201006561,399_5473_8R78,SHAH KOTHARI BROS,2,2,5473,8R78
1467,2024-10-23,2024-11-28,PR201008431,DN201006552,399_11778_CPU5K001,SHAH KOTHARI BROS,2,2,11778,CPU5K001
1468,2024-10-23,2024-11-28,PR201008431,DN201006552,399_11742_FHZ0867,SHAH KOTHARI BROS,1,1,11742,FHZ0867
1469,2024-10-23,2024-11-28,PR201008429,DN201006553,399_11470_N2103032,SHAH KOTHARI BROS,2,2,11470,N2103032
1470,2024-10-23,2024-11-28,PR201008430,DN201006561,399_11378_SID2950A,SHAH KOTHARI BROS,1,1,11378,SID2950A
1471,2024-10-23,2024-11-28,PR201008431,DN201006552,399_10850_APQ21011,SHAH KOTHARI BROS,1,1,10850,APQ21011
1472,2024-10-23,2024-11-28,PR201008431,DN201006552,399_10774_GTD2163A,SHAH KOTHARI BROS,3,3,10774,GTD2163A
1473,2024-10-23,2024-11-28,PR201008429,DN201006553,399_10676_2BF9J004,SHAH KOTHARI BROS,2,2,10676,2BF9J004
1474,2024-10-23,2024-11-28,PR201008431,DN201006552,399_10617_JBV7J007,SHAH KOTHARI BROS,3,3,10617,JBV7J007
1475,2024-10-23,2024-11-28,PR201008431,DN201006552,399_10588_GKD1848A,SHAH KOTHARI BROS,2,2,10588,GKD1848A
1476,2024-10-23,2024-11-28,PR201008429,DN201006553,399_10444_GKD2122A,SHAH KOTHARI BROS,1,1,10444,GKD2122A
1479,2024-10-23,2024-11-28,PR201008429,DN201006553,399_11790_HRIDL0822,SHAH KOTHARI BROS,8,8,11790,HRIDL0822
1480,2024-10-23,2024-11-28,PR201008431,DN201006552,399_5520_D59947,SHAH KOTHARI BROS,1,1,5520,D59947
1482,2024-10-23,2024-11-28,PR201008431,DN201006552,399_5756_M221436,SHAH KOTHARI BROS,3,3,5756,M221436
1517,2024-10-23,2024-11-28,PR201008429,DN201006553,399_9718_SID1231B,SHAH KOTHARI BROS,3,3,9718,SID1231B
1518,2024-10-23,2024-11-29,PR201008434,DN201006562,399_9475_D71W006,SHAH KOTHARI BROS,3,3,9475,D71W006
1519,2024-10-23,2024-11-28,PR201008429,DN201006553,399_9361_U202451,SHAH KOTHARI BROS,2,2,9361,U202451
1520,2024-10-23,2024-11-19,PR201008434,DN201006529,399_9192_14TNS114,SHAH KOTHARI BROS,2,4,9192,14TNS114
1521,2024-10-23,2024-11-28,PR201008433,DN201006554,399_9155_VI23015,SHAH KOTHARI BROS,6,6,9155,VI23015
1522,2024-10-23,2024-11-28,PR201008432,DN201006551,399_9138_2F24J006,SHAH KOTHARI BROS,1,1,9138,2F24J006
1523,2024-10-23,2024-11-28,PR201008431,DN201006558,399_9129_SID3096A,SHAH KOTHARI BROS,2,1,9129,SID3096A
1524,2024-10-23,2024-11-28,PR201008433,DN201006554,399_9121_56TNL051,SHAH KOTHARI BROS,1,1,9121,56TNL051
1525,2024-10-23,2024-11-28,PR201008433,DN201006555,399_9033_N2301273,SHAH KOTHARI BROS,8,3,9033,N2301273
1526,2024-10-23,2024-11-28,PR201008433,DN201006554,399_8833_2124,SHAH KOTHARI BROS,1,1,8833,2124
1527,2024-10-23,2024-11-28,PR201008433,DN201006553,399_9718_SID1231B,SHAH KOTHARI BROS,2,3,9718,SID1231B
1528,2024-10-23,2024-11-28,PR201008430,DN201006561,399_8478_11211807,SHAH KOTHARI BROS,3,3,8478,11211807
1529,2024-10-23,2024-11-28,PR201008431,DN201006552,399_7779_KMN2219A,SHAH KOTHARI BROS,1,1,7779,KMN2219A
1530,2024-10-23,2024-11-28,PR201008431,DN201006552,399_7108_D2301234,SHAH KOTHARI BROS,1,1,7108,D2301234
1531,2024-10-23,2024-11-28,PR201008433,DN201006554,399_6760_PC182229,SHAH KOTHARI BROS,2,2,6760,PC182229
1532,2024-10-23,2024-11-28,PR201008429,DN201006553,399_6444_BEY1317,SHAH KOTHARI BROS,1,1,6444,BEY1317
1533,2024-10-23,2024-11-28,PR201008433,DN201006554,399_6428_GTD2065A,SHAH KOTHARI BROS,1,1,6428,GTD2065A
1534,2024-10-23,2024-11-29,PR201008434,DN201006562,399_6271_D486059,SHAH KOTHARI BROS,36,36,6271,D486059
1535,2024-10-23,2024-11-29,PR201008434,DN201006562,399_6205_252201094,SHAH KOTHARI BROS,1,1,6205,252201094
1536,2024-10-23,2024-11-28,PR201008431,DN201006552,399_5896_J201962,SHAH KOTHARI BROS,1,1,5896,J201962
1537,2024-10-23,2024-11-22,PR201008432,DN201006534,399_5889_56001183,SHAH KOTHARI BROS,4,3,5889,56001183
1538,2024-10-23,2024-11-28,PR201008433,DN201006554,399_5874_28023795,SHAH KOTHARI BROS,3,3,5874,28023795
1539,2024-10-23,2024-11-28,PR201008433,DN201006554,399_8178_2EM2H012,SHAH KOTHARI BROS,3,3,8178,2EM2H012
1540,2024-10-23,2024-11-28,PR201008433,DN201006555,399_9878_ABMD0004,SHAH KOTHARI BROS,2,2,9878,ABMD0004
1552,2024-10-23,2024-11-28,PR201008429,DN201006553,399_12879_48017845,SHAH KOTHARI BROS,3,3,12879,48017845
1736,2024-10-25,2024-10-29,PR201008471,DN201005973,399_19179_2406701TT,SHAH KOTHARI BROS,1,1,19179,2406701TT
1737,2024-10-25,2024-10-31,PR201008470,DN201006012,399_10805_ADK0035,SHAH KOTHARI BROS,1,1,10805,ADK0035
1759,2024-10-29,2024-10-30,PR201008507,DN201005985,399_9137_18241850A,SHAH KOTHARI BROS,1,1,9137,18241850A
1780,2024-10-30,2024-10-31,PR201008519,DN201006002,399_5075_TT24125,SHAH KOTHARI BROS,1,1,5075,TT24125
1799,2024-11-06,2024-11-28,PR201008558,DN201006539,399_16913_S23020,SHAH KOTHARI BROS,1,1,16913,S23020
1800,2024-11-06,2024-11-22,PR201008557,DN201006531,399_14840_GT3279,SHAH KOTHARI BROS,3,27,14840,GT3279
1801,2024-11-06,2024-11-27,PR201008556,DN201006536,399_13558_U301630,SHAH KOTHARI BROS,1,1,13558,U301630
1802,2024-11-06,2024-11-27,PR201008556,DN201006536,399_12796_BA23350,SHAH KOTHARI BROS,4,4,12796,BA23350
1803,2024-11-06,2024-11-27,PR201008557,DN201006535,399_11565_2208001785,SHAH KOTHARI BROS,1,1,11565,2208001785
1804,2024-11-06,2024-11-27,PR201008557,DN201006535,399_10770_GTD2593A,SHAH KOTHARI BROS,1,1,10770,GTD2593A
1805,2024-11-06,2024-11-28,PR201008558,DN201006539,399_10039_I302832,SHAH KOTHARI BROS,2,2,10039,I302832
1816,2024-11-06,2024-11-19,PR201008556,DN201006527,399_2555_N2103396,SHAH KOTHARI BROS,1,3,2555,N2103396
1817,2024-11-06,2024-11-28,PR201008558,DN201006539,399_3525_PSZ0208,SHAH KOTHARI BROS,1,1,3525,PSZ0208
1819,2024-11-06,2024-11-22,PR201008558,DN201006532,399_5077_TT23066,SHAH KOTHARI BROS,2,4,5077,TT23066
1831,2024-11-06,2024-11-27,PR201008557,DN201006535,399_3660_22441648,SHAH KOTHARI BROS,5,5,3660,22441648
1835,2024-11-06,2024-11-28,PR201008558,DN201006539,399_924_SA13544,SHAH KOTHARI BROS,4,4,924,SA13544
1836,2024-11-06,2024-11-22,PR201008556,DN201006533,399_7568_LGR060C,SHAH KOTHARI BROS,1,4,7568,LGR060C
1837,2024-11-06,2024-11-22,PR201008557,DN201006533,399_6917_2BP5J009,SHAH KOTHARI BROS,2,2,6917,2BP5J009
1838,2024-11-06,2024-11-27,PR201008556,DN201006536,399_575_SPM221960,SHAH KOTHARI BROS,6,6,575,SPM221960
1839,2024-11-06,2024-11-21,PR201008556,DN201006530,399_563_SA13437,SHAH KOTHARI BROS,1,3,563,SA13437
1840,2024-11-06,2024-11-27,PR201008556,DN201006536,399_557_28023868,SHAH KOTHARI BROS,7,7,557,28023868
2043,2024-11-07,2024-11-19,PR201008606,DN201006525,399_9983_E710801,SHAH KOTHARI BROS,1,1,9983,E710801
2044,2024-11-07,2024-11-28,PR201008605,DN201006555,399_9878_ABMD0004,SHAH KOTHARI BROS,2,2,9878,ABMD0004
2045,2024-11-07,2024-11-28,PR201008607,DN201006555,399_9878_ABMD0004,SHAH KOTHARI BROS,3,2,9878,ABMD0004
2046,2024-11-07,2024-11-28,PR201008602,DN201006557,399_983_V2300121,SHAH KOTHARI BROS,2,2,983,V2300121
2047,2024-11-07,2024-11-28,PR201008603,DN201006560,399_9734_GOLM21009,SHAH KOTHARI BROS,5,5,9734,GOLM21009
2048,2024-11-07,2024-11-28,PR201008605,DN201006555,399_9584_A430246,SHAH KOTHARI BROS,1,1,9584,A430246
2049,2024-11-07,2024-11-28,PR201008605,DN201006554,399_9155_VI23015,SHAH KOTHARI BROS,7,6,9155,VI23015
2050,2024-11-07,2024-11-28,PR201008606,DN201006558,399_9129_SID3096A,SHAH KOTHARI BROS,1,1,9129,SID3096A
2051,2024-11-07,2024-11-28,PR201008605,DN201006555,399_9033_N2301766,SHAH KOTHARI BROS,4,4,9033,N2301766
2052,2024-11-07,2024-11-28,PR201008605,DN201006555,399_9033_N2301273,SHAH KOTHARI BROS,3,3,9033,N2301273
2053,2024-11-07,2024-11-28,PR201008607,DN201006537,399_8898_MPL224888,SHAH KOTHARI BROS,3,3,8898,MPL224888
2054,2024-11-07,2024-11-28,PR201008606,DN201006558,399_8542_GTD2416A,SHAH KOTHARI BROS,1,1,8542,GTD2416A
2055,2024-11-07,2024-11-22,PR201008602,DN201006533,399_8413_SIC3289A,SHAH KOTHARI BROS,1,2,8413,SIC3289A
2056,2024-11-07,2024-11-28,PR201008605,DN201006555,399_9551_CUV2119,SHAH KOTHARI BROS,2,2,9551,CUV2119
2061,2024-11-07,2024-11-28,PR201008605,DN201006555,399_7989_SPL221877,SHAH KOTHARI BROS,1,1,7989,SPL221877
2062,2024-11-07,2024-11-28,PR201008606,DN201006558,399_7856_GKD0885A,SHAH KOTHARI BROS,4,4,7856,GKD0885A
2063,2024-11-07,2024-11-22,PR201008606,DN201006533,399_7568_LGR060C,SHAH KOTHARI BROS,1,4,7568,LGR060C
2064,2024-11-07,2024-11-28,PR201008603,DN201006560,399_2017_N2103171,SHAH KOTHARI BROS,2,2,2017,N2103171
2065,2024-11-07,2024-11-28,PR201008607,DN201006537,399_19222_PGA0039,SHAH KOTHARI BROS,1,1,19222,PGA0039
2066,2024-11-07,2024-11-28,PR201008607,DN201006537,399_18815_PB20742,SHAH KOTHARI BROS,1,2,18815,PB20742
2067,2024-11-07,2024-11-28,PR201008606,DN201006558,399_18182_N2203199,SHAH KOTHARI BROS,1,1,18182,N2203199
2068,2024-11-07,2024-11-28,PR201008605,DN201006561,399_1698_GTD2260A,SHAH KOTHARI BROS,1,5,1698,GTD2260A
2069,2024-11-07,2024-11-28,PR201008603,DN201006560,399_16640_18220851,SHAH KOTHARI BROS,12,12,16640,18220851
2070,2024-11-07,2024-11-19,PR201008603,DN201006528,399_16603_T23002OP,SHAH KOTHARI BROS,1,1,16603,T23002OP
2071,2024-11-07,2024-11-28,PR201008602,DN201006557,399_16554_SID3052A,SHAH KOTHARI BROS,1,1,16554,SID3052A
2072,2024-11-07,2024-11-28,PR201008605,DN201006555,399_16260_BA30961,SHAH KOTHARI BROS,2,2,16260,BA30961
2073,2024-11-07,2024-11-28,PR201008607,DN201006537,399_15487_D476413,SHAH KOTHARI BROS,5,5,15487,D476413
2074,2024-11-07,2024-11-28,PR201008605,DN201006555,399_15191_ZVT23156,SHAH KOTHARI BROS,4,4,15191,ZVT23156
2075,2024-11-07,2024-11-22,PR201008603,DN201006531,399_14779_SB20652,SHAH KOTHARI BROS,1,1,14779,SB20652
2076,2024-11-07,2024-11-28,PR201008603,DN201006560,399_14776_SB20564,SHAH KOTHARI BROS,1,1,14776,SB20564
2077,2024-11-07,2024-11-22,PR201008603,DN201006531,399_14362_N2103433,SHAH KOTHARI BROS,12,1,14362,N2103433
2078,2024-11-07,2024-11-28,PR201008602,DN201006557,399_14136_OEW9J032,SHAH KOTHARI BROS,1,1,14136,OEW9J032
2079,2024-11-07,2024-11-28,PR201008600,DN201006556,399_13955_WBTAC007,SHAH KOTHARI BROS,1,1,13955,WBTAC007
2080,2024-11-07,2024-11-22,PR201008603,DN201006531,399_13675_2DD7J010,SHAH KOTHARI BROS,6,4,13675,2DD7J010
2081,2024-11-07,2024-11-28,PR201008603,DN201006560,399_13626_U102536,SHAH KOTHARI BROS,1,1,13626,U102536
2083,2024-11-07,2024-11-19,PR201008601,DN201006527,399_218_K2202533,SHAH KOTHARI BROS,2,3,218,K2202533
2084,2024-11-07,2024-11-28,PR201008600,DN201006556,399_2589_J303757,SHAH KOTHARI BROS,5,3,2589,J303757
2085,2024-11-07,2024-11-28,PR201008604,DN201006559,399_704_AA30007,SHAH KOTHARI BROS,1,1,704,AA30007
2086,2024-11-07,2024-11-28,PR201008602,DN201006557,399_6968_N2103067,SHAH KOTHARI BROS,1,1,6968,N2103067
2087,2024-11-07,2024-11-22,PR201008602,DN201006533,399_6917_2BP5J009,SHAH KOTHARI BROS,2,2,6917,2BP5J009
2088,2024-11-07,2024-11-28,PR201008607,DN201006537,399_6272_D443616A,SHAH KOTHARI BROS,5,5,6272,D443616A
2089,2024-11-07,2024-11-28,PR201008607,DN201006537,399_6268_D494454,SHAH KOTHARI BROS,5,5,6268,D494454
2090,2024-11-07,2024-11-28,PR201008602,DN201006557,399_6105_U102292,SHAH KOTHARI BROS,1,1,6105,U102292
2091,2024-11-07,2024-11-22,PR201008606,DN201006534,399_5889_56001245,SHAH KOTHARI BROS,1,8,5889,56001245
2092,2024-11-07,2024-11-28,PR201008606,DN201006558,399_5142_SA23549,SHAH KOTHARI BROS,2,2,5142,SA23549
2093,2024-11-07,2024-11-28,PR201008605,DN201006555,399_5127_SN20278,SHAH KOTHARI BROS,1,1,5127,SN20278
2094,2024-11-07,2024-11-28,PR201008605,DN201006555,399_5011_7N3L,SHAH KOTHARI BROS,1,1,5011,7N3L
2095,2024-11-07,2024-11-28,PR201008605,DN201006561,399_4560_3144C82301,SHAH KOTHARI BROS,2,5,4560,3144C82301
2096,2024-11-07,2024-11-28,PR201008603,DN201006560,399_4506_2HG3J007,SHAH KOTHARI BROS,3,3,4506,2HG3J007
2097,2024-11-07,2024-11-28,PR201008603,DN201006560,399_4506_2HG3J006,SHAH KOTHARI BROS,3,3,4506,2HG3J006
2098,2024-11-07,2024-11-28,PR201008601,DN201006540,399_4436_KEO2204A,SHAH KOTHARI BROS,2,2,4436,KEO2204A
2099,2024-11-07,2024-11-28,PR201008602,DN201006557,399_3286_V2101112,SHAH KOTHARI BROS,1,1,3286,V2101112
2100,2024-11-07,2024-11-19,PR201008600,DN201006525,399_3272_TOR22L057,SHAH KOTHARI BROS,1,7,3272,TOR22L057
2101,2024-11-07,2024-11-28,PR201008600,DN201006556,399_2589_J304184,SHAH KOTHARI BROS,2,2,2589,J304184
2102,2024-11-07,2024-11-28,PR201008603,DN201006560,399_2399_SB11526,SHAH KOTHARI BROS,2,2,2399,SB11526
2182,2024-11-07,2024-11-28,PR201008604,DN201006559,399_10554_JWCR3010,SHAH KOTHARI BROS,3,3,10554,JWCR3010
2183,2024-11-07,2024-11-28,PR201008603,DN201006560,399_10625_GTD2822A,SHAH KOTHARI BROS,1,1,10625,GTD2822A
2184,2024-11-07,2024-11-28,PR201008603,DN201006553,399_10676_2BF9J004,SHAH KOTHARI BROS,1,2,10676,2BF9J004
2185,2024-11-07,2024-11-19,PR201008601,DN201006527,399_109_JKAD22064,SHAH KOTHARI BROS,1,2,109,JKAD22064
2186,2024-11-07,2024-11-28,PR201008603,DN201006560,399_11002_U301447,SHAH KOTHARI BROS,4,4,11002,U301447
2187,2024-11-07,2024-11-28,PR201008602,DN201006557,399_11151_A204216,SHAH KOTHARI BROS,4,4,11151,A204216
2188,2024-11-07,2024-11-28,PR201008604,DN201006561,399_11378_SID2950A,SHAH KOTHARI BROS,2,1,11378,SID2950A
2189,2024-11-07,2024-11-28,PR201008603,DN201006560,399_11535_GKE1305A,SHAH KOTHARI BROS,3,3,11535,GKE1305A
2190,2024-11-07,2024-11-28,PR201008603,DN201006560,399_11744_FHZ0785,SHAH KOTHARI BROS,1,1,11744,FHZ0785
2191,2024-11-07,2024-11-21,PR201008600,DN201006530,399_11777_CPU4K001,SHAH KOTHARI BROS,2,2,11777,CPU4K001
2192,2024-11-07,2024-11-28,PR201008603,DN201006553,399_11788_CRICL0322,SHAH KOTHARI BROS,2,9,11788,CRICL0322
2193,2024-11-07,2024-11-28,PR201008603,DN201006553,399_11790_HRIDL0822,SHAH KOTHARI BROS,2,8,11790,HRIDL0822
2194,2024-11-07,2024-11-28,PR201008607,DN201006537,399_11800_442101601,SHAH KOTHARI BROS,1,1,11800,442101601
2195,2024-11-07,2024-11-28,PR201008601,DN201006540,399_1207_WBABC014,SHAH KOTHARI BROS,2,2,1207,WBABC014
2196,2024-11-07,2024-11-28,PR201008604,DN201006559,399_12154_GBRC0170,SHAH KOTHARI BROS,5,5,12154,GBRC0170
2197,2024-11-07,2024-11-28,PR201008604,DN201006559,399_12320_SFX2130,SHAH KOTHARI BROS,1,1,12320,SFX2130
2198,2024-11-07,2024-11-21,PR201008600,DN201006530,399_12795_BA23349,SHAH KOTHARI BROS,13,9,12795,BA23349
2199,2024-11-07,2024-11-27,PR201008600,DN201006536,399_12796_BA23350,SHAH KOTHARI BROS,5,4,12796,BA23350
2200,2024-11-07,2024-11-22,PR201008605,DN201006532,399_1321_2330098N,SHAH KOTHARI BROS,2,2,1321,2330098N
2201,2024-11-07,2024-11-28,PR201008601,DN201006540,399_13223_KTM2206D,SHAH KOTHARI BROS,2,2,13223,KTM2206D
2208,2024-11-07,2024-11-28,PR201008600,DN201006556,399_1356_23S1GTA481,SHAH KOTHARI BROS,3,3,1356,23S1GTA481
2209,2024-11-07,2024-11-28,PR201008604,DN201006559,399_10493_22D217,SHAH KOTHARI BROS,1,1,10493,22D217
2240,2024-11-13,2024-11-13,PR201008639,DN201006064,399_5456_KGB2314A,SHAH KOTHARI BROS,9,9,5456,KGB2314A
2243,2024-11-13,2024-11-14,PR201008645,DN201006092,399_5861_56001564,SHAH KOTHARI BROS,1,1,5861,56001564
2260,2024-11-14,2024-11-27,PR201008694,DN201006536,399_12796_BA23350,SHAH KOTHARI BROS,26,4,12796,BA23350
2267,2024-11-14,2024-11-19,PR201008699,DN201006528,399_13574_K2202479,SHAH KOTHARI BROS,7,7,13574,K2202479
2268,2024-11-14,2024-11-19,PR201008699,DN201006528,399_13517_2F90J002,SHAH KOTHARI BROS,1,1,13517,2F90J002
2269,2024-11-14,2024-11-22,PR201008702,DN201006532,399_13492_BA31430,SHAH KOTHARI BROS,3,3,13492,BA31430
2270,2024-11-14,2024-11-22,PR201008702,DN201006532,399_1321_2330098N,SHAH KOTHARI BROS,2,2,1321,2330098N
2271,2024-11-14,2024-11-22,PR201008702,DN201006532,399_13182_TDTY22066,SHAH KOTHARI BROS,1,1,13182,TDTY22066
2275,2024-11-14,2024-11-19,PR201008695,DN201006526,399_13592_GTD1948A,SHAH KOTHARI BROS,1,1,13592,GTD1948A
2276,2024-11-14,2024-11-19,PR201008700,DN201006528,399_13670_2DC1H003,SHAH KOTHARI BROS,5,18,13670,2DC1H003
2277,2024-11-14,2024-11-19,PR201008699,DN201006528,399_13670_2DC1H003,SHAH KOTHARI BROS,18,18,13670,2DC1H003
2278,2024-11-14,2024-11-22,PR201008700,DN201006531,399_13671_2DD1H006,SHAH KOTHARI BROS,2,2,13671,2DD1H006
2279,2024-11-14,2024-11-22,PR201008700,DN201006531,399_13672_2DD8H011,SHAH KOTHARI BROS,2,5,13672,2DD8H011
2280,2024-11-14,2024-11-22,PR201008700,DN201006531,399_13675_2DD7J010,SHAH KOTHARI BROS,4,4,13675,2DD7J010
2281,2024-11-14,2024-11-22,PR201008700,DN201006531,399_13708_BEY1148,SHAH KOTHARI BROS,4,4,13708,BEY1148
2282,2024-11-14,2024-11-30,PR201008698,DN201006571,399_13912_UN22005GJ,SHAH KOTHARI BROS,1,1,13912,UN22005GJ
2294,2024-11-14,2024-11-19,PR201008695,DN201006526,399_14116_PCAZE22109,SHAH KOTHARI BROS,1,1,14116,PCAZE22109
2295,2024-11-14,2024-11-19,PR201008695,DN201006526,399_1427_2173J022,SHAH KOTHARI BROS,8,8,1427,2173J022
2296,2024-11-14,2024-11-22,PR201008700,DN201006531,399_14362_N2103433,SHAH KOTHARI BROS,1,1,14362,N2103433
2297,2024-11-14,2024-11-19,PR201008695,DN201006526,399_14378_C570J001,SHAH KOTHARI BROS,2,2,14378,C570J001
2318,2024-11-14,2024-11-21,PR201008693,DN201006530,399_12754_GKD2130A,SHAH KOTHARI BROS,2,2,12754,GKD2130A
2362,2024-11-14,2024-11-30,PR201008698,DN201006571,399_11354_TOA22003,SHAH KOTHARI BROS,3,3,11354,TOA22003
2363,2024-11-14,2024-11-21,PR201008693,DN201006530,399_11540_GKD1907A,SHAH KOTHARI BROS,2,2,11540,GKD1907A
2364,2024-11-14,2024-11-19,PR201008696,DN201006527,399_11579_ROC16,SHAH KOTHARI BROS,1,1,11579,ROC16
2365,2024-11-14,2024-11-21,PR201008693,DN201006530,399_11768_OBK5J074,SHAH KOTHARI BROS,9,9,11768,OBK5J074
2366,2024-11-14,2024-11-21,PR201008693,DN201006530,399_11777_CPU4K001,SHAH KOTHARI BROS,2,2,11777,CPU4K001
2368,2024-11-14,2024-11-19,PR201008699,DN201006528,399_11791_BRIAL0722,SHAH KOTHARI BROS,1,1,11791,BRIAL0722
2369,2024-11-14,2024-11-30,PR201008701,DN201006572,399_12142_8LV3K004,SHAH KOTHARI BROS,2,2,12142,8LV3K004
2370,2024-11-14,2024-11-19,PR201008696,DN201006527,399_12156_772100927,SHAH KOTHARI BROS,1,1,12156,772100927
2371,2024-11-14,2024-11-30,PR201008701,DN201006572,399_122_D1137,SHAH KOTHARI BROS,1,1,122,D1137
2372,2024-11-14,2024-11-19,PR201008707,DN201006529,399_12450_372101951,SHAH KOTHARI BROS,1,1,12450,372101951
2373,2024-11-14,2024-11-15,PR201008728,DN201006105,399_12733_2631L002,SHAH KOTHARI BROS,1,1,12733,2631L002
2374,2024-11-14,2024-11-21,PR201008693,DN201006530,399_12754_GKD2129A,SHAH KOTHARI BROS,3,3,12754,GKD2129A
2376,2024-11-14,2024-11-21,PR201008694,DN201006530,399_12795_BA23349,SHAH KOTHARI BROS,52,9,12795,BA23349
2377,2024-11-14,2024-11-21,PR201008693,DN201006530,399_12795_BA23349,SHAH KOTHARI BROS,9,9,12795,BA23349
2378,2024-11-14,2024-11-19,PR201008707,DN201006529,399_12034_BSD22036,SHAH KOTHARI BROS,1,1,12034,BSD22036
2393,2024-11-14,2024-11-30,PR201008705,DN201006564,399_10113_FR3653,SHAH KOTHARI BROS,1,1,10113,FR3653
2394,2024-11-14,2024-11-19,PR201008699,DN201006528,399_10675_2H43J002,SHAH KOTHARI BROS,2,2,10675,2H43J002
2395,2024-11-14,2024-11-30,PR201008698,DN201006571,399_10772_GTD2666A,SHAH KOTHARI BROS,1,1,10772,GTD2666A
2396,2024-11-14,2024-11-19,PR201008696,DN201006527,399_109_JKAD22064,SHAH KOTHARI BROS,2,2,109,JKAD22064
2397,2024-11-14,2024-11-30,PR201008701,DN201006569,399_11239_RCD23001,SHAH KOTHARI BROS,5,1,11239,RCD23001
2417,2024-11-14,2024-11-19,PR201008707,DN201006529,399_14561_673H020,SHAH KOTHARI BROS,3,3,14561,673H020
2551,2024-11-14,2024-11-22,PR201008700,DN201006531,399_14840_GT3279,SHAH KOTHARI BROS,27,27,14840,GT3279
2599,2024-11-14,2024-11-22,PR201008700,DN201006531,399_14779_SB20652,SHAH KOTHARI BROS,1,1,14779,SB20652
2621,2024-11-14,2024-11-19,PR201008707,DN201006529,399_2460_22443549,SHAH KOTHARI BROS,2,2,2460,22443549
2622,2024-11-14,2024-11-19,PR201008696,DN201006527,399_2555_N2103396,SHAH KOTHARI BROS,3,3,2555,N2103396
2623,2024-11-14,2024-11-19,PR201008703,DN201006526,399_2557_N2103397,SHAH KOTHARI BROS,3,1,2557,N2103397
2624,2024-11-14,2024-11-19,PR201008695,DN201006526,399_2557_N2103397,SHAH KOTHARI BROS,1,1,2557,N2103397
2625,2024-11-14,2024-11-22,PR201008700,DN201006531,399_2767_SXD2357A,SHAH KOTHARI BROS,2,2,2767,SXD2357A
2626,2024-11-14,2024-11-22,PR201008700,DN201006531,399_2939_EY2417033,SHAH KOTHARI BROS,1,1,2939,EY2417033
2627,2024-11-14,2024-11-19,PR201008696,DN201006527,399_3128_GTE0868A,SHAH KOTHARI BROS,6,6,3128,GTE0868A
2628,2024-11-14,2024-11-19,PR201008703,DN201006525,399_3272_TOR22L057,SHAH KOTHARI BROS,7,7,3272,TOR22L057
2629,2024-11-14,2024-11-22,PR201008697,DN201006534,399_3566_N2203615,SHAH KOTHARI BROS,6,6,3566,N2203615
2630,2024-11-14,2024-11-22,PR201008702,DN201006532,399_3610_V221098,SHAH KOTHARI BROS,1,1,3610,V221098
2631,2024-11-14,2024-11-22,PR201008697,DN201006534,399_3709_18220782,SHAH KOTHARI BROS,1,1,3709,18220782
2632,2024-11-14,2024-11-22,PR201008697,DN201006534,399_3873_SGVC0118,SHAH KOTHARI BROS,7,7,3873,SGVC0118
2633,2024-11-14,2024-11-30,PR201008698,DN201006571,399_4044_V2201552,SHAH KOTHARI BROS,2,2,4044,V2201552
2634,2024-11-14,2024-11-22,PR201008700,DN201006531,399_4113_GTD2506A,SHAH KOTHARI BROS,4,4,4113,GTD2506A
2635,2024-11-14,2024-11-22,PR201008697,DN201006534,399_4278_18211157,SHAH KOTHARI BROS,2,2,4278,18211157
2636,2024-11-14,2024-11-19,PR201008696,DN201006527,399_4935_GTD2032B,SHAH KOTHARI BROS,2,2,4935,GTD2032B
2637,2024-11-14,2024-11-22,PR201008697,DN201006534,399_4993_N2103402,SHAH KOTHARI BROS,1,1,4993,N2103402
2638,2024-11-14,2024-11-22,PR201008702,DN201006532,399_5077_TT23065,SHAH KOTHARI BROS,3,3,5077,TT23065
2639,2024-11-14,2024-11-22,PR201008706,DN201006532,399_5077_TT23065,SHAH KOTHARI BROS,1,3,5077,TT23065
2640,2024-11-14,2024-11-19,PR201008696,DN201006527,399_218_K2202533,SHAH KOTHARI BROS,3,3,218,K2202533
2641,2024-11-14,2024-11-22,PR201008702,DN201006532,399_5077_TT23066,SHAH KOTHARI BROS,4,4,5077,TT23066
2642,2024-11-14,2024-11-19,PR201008695,DN201006526,399_2054_GTD2726A,SHAH KOTHARI BROS,1,1,2054,GTD2726A
2643,2024-11-14,2024-11-30,PR201008698,DN201006571,399_14959_FT27222009,SHAH KOTHARI BROS,1,1,14959,FT27222009
2644,2024-11-14,2024-11-22,PR201008700,DN201006531,399_1497_K2102431,SHAH KOTHARI BROS,6,6,1497,K2102431
2645,2024-11-14,2024-11-19,PR201008707,DN201006529,399_15028_D220641,SHAH KOTHARI BROS,2,2,15028,D220641
2646,2024-11-14,2024-11-22,PR201008702,DN201006532,399_15189_ZVD23042,SHAH KOTHARI BROS,1,1,15189,ZVD23042
2647,2024-11-14,2024-11-19,PR201008695,DN201006526,399_15315_V2101206,SHAH KOTHARI BROS,16,16,15315,V2101206
2648,2024-11-14,2024-11-19,PR201008695,DN201006526,399_1531_EMV221823B,SHAH KOTHARI BROS,3,3,1531,EMV221823B
2649,2024-11-14,2024-11-19,PR201008696,DN201006527,399_15339_N2203762,SHAH KOTHARI BROS,1,1,15339,N2203762
2650,2024-11-14,2024-11-19,PR201008696,DN201006527,399_15341_N2103023,SHAH KOTHARI BROS,1,1,15341,N2103023
2651,2024-11-14,2024-11-22,PR201008697,DN201006534,399_16252_2LB7J007,SHAH KOTHARI BROS,1,1,16252,2LB7J007
2652,2024-11-14,2024-11-22,PR201008702,DN201006532,399_1632_2HV7J020,SHAH KOTHARI BROS,1,1,1632,2HV7J020
2653,2024-11-14,2024-11-19,PR201008703,DN201006525,399_16404_PGA0032,SHAH KOTHARI BROS,3,2,16404,PGA0032
2654,2024-11-14,2024-11-30,PR201008698,DN201006571,399_16553_SID3248C,SHAH KOTHARI BROS,2,2,16553,SID3248C
2655,2024-11-14,2024-11-28,PR201008698,DN201006557,399_16554_SID3052A,SHAH KOTHARI BROS,1,1,16554,SID3052A
2656,2024-11-14,2024-11-19,PR201008699,DN201006528,399_16603_T23002OP,SHAH KOTHARI BROS,1,1,16603,T23002OP
2657,2024-11-14,2024-11-19,PR201008695,DN201006526,399_16766_VFP23001,SHAH KOTHARI BROS,4,4,16766,VFP23001
2658,2024-11-14,2024-11-22,PR201008702,DN201006532,399_1698_GTD2688A,SHAH KOTHARI BROS,3,3,1698,GTD2688A
2659,2024-11-14,2024-11-19,PR201008695,DN201006526,399_1777_SID3487A,SHAH KOTHARI BROS,1,1,1777,SID3487A
2660,2024-11-14,2024-11-22,PR201008702,DN201006532,399_1900_D12W095,SHAH KOTHARI BROS,4,4,1900,D12W095
2661,2024-11-14,2024-11-28,PR201008703,DN201006552,399_19426_2NF6J002,SHAH KOTHARI BROS,2,3,19426,2NF6J002
2662,2024-11-14,2024-11-22,PR201008706,DN201006532,399_5077_TT23066,SHAH KOTHARI BROS,16,4,5077,TT23066
2663,2024-11-14,2024-11-22,PR201008702,DN201006532,399_1900_D12W089,SHAH KOTHARI BROS,6,6,1900,D12W089
2664,2024-11-14,2024-11-19,PR201008707,DN201006529,399_5193_AF22091,SHAH KOTHARI BROS,4,4,5193,AF22091
2665,2024-11-14,2024-11-22,PR201008704,DN201006533,399_8701_A00292209,SHAH KOTHARI BROS,2,2,8701,A00292209
2666,2024-11-14,2024-11-28,PR201008706,DN201006555,399_9033_N2301273,SHAH KOTHARI BROS,1,3,9033,N2301273
2667,2024-11-14,2024-11-28,PR201008706,DN201006555,399_9033_N2301766,SHAH KOTHARI BROS,9,4,9033,N2301766
2668,2024-11-14,2024-11-28,PR201008706,DN201006554,399_9121_56TNL051,SHAH KOTHARI BROS,1,1,9121,56TNL051
2669,2024-11-14,2024-11-28,PR201008706,DN201006554,399_9155_VI23015,SHAH KOTHARI BROS,1,6,9155,VI23015
2670,2024-11-14,2024-11-19,PR201008707,DN201006529,399_9192_14TNS114,SHAH KOTHARI BROS,4,4,9192,14TNS114
2671,2024-11-14,2024-11-22,PR201008702,DN201006532,399_924_SA13468,SHAH KOTHARI BROS,1,1,924,SA13468
2672,2024-11-14,2024-11-19,PR201008707,DN201006529,399_926_A620948,SHAH KOTHARI BROS,2,2,926,A620948
2673,2024-11-14,2024-11-19,PR201008707,DN201006529,399_942_B3FY06,SHAH KOTHARI BROS,1,1,942,B3FY06
2674,2024-11-14,2024-11-30,PR201008706,DN201006573,399_9548_O245,SHAH KOTHARI BROS,1,1,9548,O245
2675,2024-11-14,2024-11-19,PR201008703,DN201006525,399_8447_G22NOA015,SHAH KOTHARI BROS,2,2,8447,G22NOA015
2676,2024-11-14,2024-11-19,PR201008695,DN201006526,399_960_I204909,SHAH KOTHARI BROS,2,2,960,I204909
2677,2024-11-14,2024-11-30,PR201008705,DN201006566,399_9892_GTD2658A,SHAH KOTHARI BROS,1,1,9892,GTD2658A
2678,2024-11-14,2024-11-19,PR201008707,DN201006529,399_9903_A23229VP,SHAH KOTHARI BROS,2,1,9903,A23229VP
2679,2024-11-14,2024-11-19,PR201008703,DN201006525,399_9983_E710801,SHAH KOTHARI BROS,1,1,9983,E710801
2680,2024-11-14,2024-11-22,PR201008702,DN201006532,399_5089_TT23064,SHAH KOTHARI BROS,2,2,5089,TT23064
2681,2024-11-14,2024-11-28,PR201008705,DN201006560,399_9734_GOLM21009,SHAH KOTHARI BROS,13,5,9734,GOLM21009
2682,2024-11-14,2024-11-22,PR201008704,DN201006533,399_8413_SIC3289A,SHAH KOTHARI BROS,2,2,8413,SIC3289A
2683,2024-11-14,2024-11-19,PR201008703,DN201006525,399_8177_BR0221002,SHAH KOTHARI BROS,1,1,8177,BR0221002
2684,2024-11-14,2024-11-22,PR201008704,DN201006533,399_7175_SB11610,SHAH KOTHARI BROS,1,1,7175,SB11610
2685,2024-11-14,2024-11-30,PR201008701,DN201006569,399_694_47000446,SHAH KOTHARI BROS,2,1,694,47000446
2686,2024-11-14,2024-11-22,PR201008704,DN201006533,399_6917_2BP5J009,SHAH KOTHARI BROS,2,2,6917,2BP5J009
2687,2024-11-14,2024-11-21,PR201008693,DN201006530,399_639_N2103387,SHAH KOTHARI BROS,1,1,639,N2103387
2688,2024-11-14,2024-11-22,PR201008697,DN201006534,399_5889_56001245,SHAH KOTHARI BROS,11,8,5889,56001245
2689,2024-11-14,2024-11-30,PR201008698,DN201006571,399_5875_28023832,SHAH KOTHARI BROS,3,3,5875,28023832
2690,2024-11-14,2024-11-22,PR201008697,DN201006534,399_5863_M221514,SHAH KOTHARI BROS,1,1,5863,M221514
2692,2024-11-14,2024-11-21,PR201008693,DN201006530,399_563_SA13437,SHAH KOTHARI BROS,3,3,563,SA13437
2693,2024-11-14,2024-11-21,PR201008693,DN201006530,399_526_I204790,SHAH KOTHARI BROS,1,1,526,I204790
2694,2024-11-14,2024-11-21,PR201008693,DN201006530,399_833_G2BP221067,SHAH KOTHARI BROS,10,10,833,G2BP221067
2695,2024-11-14,2024-11-22,PR201008704,DN201006533,399_7568_LGR060C,SHAH KOTHARI BROS,3,4,7568,LGR060C
2696,2024-11-14,2024-11-30,PR201008706,DN201006573,399_7586_AG2422,SHAH KOTHARI BROS,1,1,7586,AG2422
2697,2024-11-14,2024-11-30,PR201008701,DN201006572,399_767_49001828,SHAH KOTHARI BROS,2,2,767,49001828
2698,2024-11-14,2024-11-19,PR201008703,DN201006525,399_7978_2212333,SHAH KOTHARI BROS,1,1,7978,2212333
2699,2024-11-14,2024-11-30,PR201008706,DN201006573,399_5246_BA31374,SHAH KOTHARI BROS,1,1,5246,BA31374
2700,2024-11-14,2024-11-22,PR201008704,DN201006533,399_7991_22S2GTD016,SHAH KOTHARI BROS,2,2,7991,22S2GTD016
2701,2024-11-14,2024-11-30,PR201008706,DN201006564,399_7994_MPF232331,SHAH KOTHARI BROS,1,3,7994,MPF232331
2702,2024-11-14,2024-11-19,PR201008703,DN201006525,399_7622_GKE0605A,SHAH KOTHARI BROS,1,1,7622,GKE0605A
2703,2024-11-14,2024-11-22,PR201008704,DN201006533,399_7488_8FY8H016,SHAH KOTHARI BROS,4,4,7488,8FY8H016
2706,2024-11-15,2024-11-16,PR201008738,DN201006119,399_15236_5222451,SHAH KOTHARI BROS,1,1,15236,5222451
2770,2024-11-16,2024-11-30,PR201008785,DN201006565,399_16663_SID1673A,SHAH KOTHARI BROS,1,1,16663,SID1673A
2772,2024-11-16,2024-11-30,PR201008786,DN201006570,399_14853_GTD2756A,SHAH KOTHARI BROS,3,3,14853,GTD2756A
2773,2024-11-16,2024-11-22,PR201008786,DN201006531,399_1497_K2102431,SHAH KOTHARI BROS,2,6,1497,K2102431
2774,2024-11-16,2024-11-19,PR201008788,DN201006526,399_1531_EMV221823B,SHAH KOTHARI BROS,1,3,1531,EMV221823B
2775,2024-11-16,2024-11-30,PR201008790,DN201006544,399_15595_5230864,SHAH KOTHARI BROS,1,1,15595,5230864
2776,2024-11-16,2024-11-30,PR201008785,DN201006571,399_16553_SID3248C,SHAH KOTHARI BROS,1,2,16553,SID3248C
2777,2024-11-16,2024-11-30,PR201008790,DN201006544,399_17043_GA367,SHAH KOTHARI BROS,1,1,17043,GA367
2778,2024-11-16,2024-11-22,PR201008787,DN201006532,399_1900_D12W095,SHAH KOTHARI BROS,3,4,1900,D12W095
2779,2024-11-16,2024-11-30,PR201008788,DN201006568,399_1948_KFY0460,SHAH KOTHARI BROS,2,2,1948,KFY0460
2780,2024-11-16,2024-11-30,PR201008788,DN201006568,399_2053_SIC3285A,SHAH KOTHARI BROS,3,3,2053,SIC3285A
2781,2024-11-16,2024-11-19,PR201008788,DN201006526,399_2557_N2103397,SHAH KOTHARI BROS,1,1,2557,N2103397
2782,2024-11-16,2024-11-19,PR201008784,DN201006527,399_3128_GTE0868A,SHAH KOTHARI BROS,4,6,3128,GTE0868A
2783,2024-11-16,2024-11-30,PR201008789,DN201006564,399_3367_F22285,SHAH KOTHARI BROS,2,2,3367,F22285
2784,2024-11-16,2024-11-30,PR201008790,DN201006544,399_3525_PSZ0206,SHAH KOTHARI BROS,1,1,3525,PSZ0206
2785,2024-11-16,2024-11-22,PR201008786,DN201006531,399_14840_GT3279,SHAH KOTHARI BROS,16,27,14840,GT3279
2786,2024-11-16,2024-11-22,PR201008786,DN201006531,399_4113_GTD2506A,SHAH KOTHARI BROS,3,4,4113,GTD2506A
2787,2024-11-16,2024-11-22,PR201008789,DN201006532,399_5077_TT23066,SHAH KOTHARI BROS,5,4,5077,TT23066
2788,2024-11-16,2024-11-30,PR201008786,DN201006570,399_5315_SIC3325A,SHAH KOTHARI BROS,1,1,5315,SIC3325A
2789,2024-11-16,2024-11-30,PR201008789,DN201006564,399_5868_60000185,SHAH KOTHARI BROS,1,1,5868,60000185
2790,2024-11-16,2024-11-30,PR201008785,DN201006565,399_6105_U200200,SHAH KOTHARI BROS,2,2,6105,U200200
2791,2024-11-16,2024-11-28,PR201008790,DN201006537,399_6268_D494454,SHAH KOTHARI BROS,2,5,6268,D494454
2792,2024-11-16,2024-11-30,PR201008787,DN201006569,399_694_47000446,SHAH KOTHARI BROS,1,1,694,47000446
2793,2024-11-16,2024-11-30,PR201008789,DN201006564,399_7994_MPF232331,SHAH KOTHARI BROS,3,3,7994,MPF232331
2794,2024-11-16,2024-11-30,PR201008785,DN201006565,399_8091_GKC0125A,SHAH KOTHARI BROS,1,1,8091,GKC0125A
2795,2024-11-16,2024-11-30,PR201008785,DN201006565,399_85_D2200550,SHAH KOTHARI BROS,1,1,85,D2200550
2796,2024-11-16,2024-11-30,PR201008783,DN201006543,399_867_RAH22008,SHAH KOTHARI BROS,4,4,867,RAH22008
2797,2024-11-16,2024-11-30,PR201008788,DN201006568,399_9653_OTF22008SS,SHAH KOTHARI BROS,3,3,9653,OTF22008SS
2799,2024-11-16,2024-11-22,PR201008789,DN201006532,399_5077_TT23065,SHAH KOTHARI BROS,2,3,5077,TT23065
2800,2024-11-16,2024-11-30,PR201008788,DN201006568,399_1427_2173J023,SHAH KOTHARI BROS,2,2,1427,2173J023
2801,2024-11-16,2024-11-19,PR201008783,DN201006526,399_14116_PCAZE22109,SHAH KOTHARI BROS,2,1,14116,PCAZE22109
2802,2024-11-16,2024-11-30,PR201008785,DN201006565,399_13703_392140,SHAH KOTHARI BROS,1,1,13703,392140
2807,2024-11-16,2024-11-30,PR201008789,DN201006564,399_10113_FR3653,SHAH KOTHARI BROS,1,1,10113,FR3653
2808,2024-11-16,2024-11-30,PR201008785,DN201006565,399_10473_28023862,SHAH KOTHARI BROS,5,5,10473,28023862
2809,2024-11-16,2024-11-30,PR201008786,DN201006570,399_10591_GKD2072A,SHAH KOTHARI BROS,3,3,10591,GKD2072A
2810,2024-11-16,2024-11-22,PR201008786,DN201006531,399_13671_2DD1H006,SHAH KOTHARI BROS,1,2,13671,2DD1H006
2811,2024-11-16,2024-11-19,PR201008786,DN201006528,399_13670_2DC1H003,SHAH KOTHARI BROS,3,18,13670,2DC1H003
2812,2024-11-16,2024-11-19,PR201008786,DN201006528,399_13574_K2202479,SHAH KOTHARI BROS,2,7,13574,K2202479
2813,2024-11-16,2024-11-30,PR201008786,DN201006570,399_13572_K2202480,SHAH KOTHARI BROS,1,1,13572,K2202480
2814,2024-11-16,2024-11-30,PR201008787,DN201006569,399_1323_V2300436,SHAH KOTHARI BROS,1,1,1323,V2300436
2815,2024-11-16,2024-11-27,PR201008751,DN201006536,399_12796_BA23350,SHAH KOTHARI BROS,2,4,12796,BA23350
2816,2024-11-16,2024-11-21,PR201008783,DN201006530,399_12795_BA23349,SHAH KOTHARI BROS,7,9,12795,BA23349
2817,2024-11-16,2024-11-21,PR201008783,DN201006530,399_12754_GKD2129A,SHAH KOTHARI BROS,1,3,12754,GKD2129A
2818,2024-11-16,2024-11-30,PR201008787,DN201006569,399_12685_SPPP22034,SHAH KOTHARI BROS,1,1,12685,SPPP22034
2819,2024-11-16,2024-11-30,PR201008787,DN201006569,399_12337_63TSG268,SHAH KOTHARI BROS,1,1,12337,63TSG268
2820,2024-11-16,2024-11-19,PR201008786,DN201006528,399_11791_BRIAL0722,SHAH KOTHARI BROS,1,1,11791,BRIAL0722
2821,2024-11-16,2024-11-30,PR201008786,DN201006570,399_11384_GKD2267A,SHAH KOTHARI BROS,1,1,11384,GKD2267A
2822,2024-11-16,2024-11-30,PR201008787,DN201006569,399_11239_RCD23001,SHAH KOTHARI BROS,1,1,11239,RCD23001
2823,2024-11-16,2024-11-21,PR201008783,DN201006530,399_12754_GKD2130A,SHAH KOTHARI BROS,1,2,12754,GKD2130A
2925,2024-11-20,2024-11-28,PR201008867,DN201006557,399_16554_SID3052A,SHAH KOTHARI BROS,5,1,16554,SID3052A
2926,2024-11-20,2024-11-28,PR201008866,DN201006557,399_19200_1NG003,SHAH KOTHARI BROS,2,2,19200,1NG003
2927,2024-11-20,2024-11-28,PR201008866,DN201006552,399_19426_2NF6J002,SHAH KOTHARI BROS,11,3,19426,2NF6J002
2928,2024-11-20,2024-11-28,PR201008866,DN201006556,399_3272_TOR22L057,SHAH KOTHARI BROS,1,1,3272,TOR22L057
2929,2024-11-20,2024-11-28,PR201008835,DN201006556,399_3272_TOR22L057,SHAH KOTHARI BROS,1,1,3272,TOR22L057
2930,2024-11-20,2024-11-22,PR201008835,DN201006531,399_14840_GT3279,SHAH KOTHARI BROS,2,27,14840,GT3279
2931,2024-11-20,2024-11-28,PR201008863,DN201006540,399_11764_2DS1J007,SHAH KOTHARI BROS,1,1,11764,2DS1J007
2932,2024-11-20,2024-11-21,PR201008863,DN201006530,399_11768_OBK5J074,SHAH KOTHARI BROS,2,9,11768,OBK5J074
2933,2024-11-20,2024-11-28,PR201008835,DN201006553,399_11788_CRICL0322,SHAH KOTHARI BROS,4,9,11788,CRICL0322
2934,2024-11-20,2024-11-21,PR201008835,DN201006530,399_12795_BA23349,SHAH KOTHARI BROS,3,9,12795,BA23349
2935,2024-11-20,2024-11-27,PR201008835,DN201006536,399_12796_BA23350,SHAH KOTHARI BROS,3,4,12796,BA23350
2936,2024-11-20,2024-11-27,PR201008863,DN201006536,399_12796_BA23350,SHAH KOTHARI BROS,7,4,12796,BA23350
2937,2024-11-20,2024-11-22,PR201008868,DN201006531,399_13670_2DC1H003,SHAH KOTHARI BROS,3,5,13670,2DC1H003
2938,2024-11-20,2024-11-30,PR201008867,DN201006565,399_13703_392140,SHAH KOTHARI BROS,1,1,13703,392140
2939,2024-11-20,2024-11-22,PR201008865,DN201006532,399_5077_TT23065,SHAH KOTHARI BROS,3,3,5077,TT23065
2940,2024-11-20,2024-11-22,PR201008835,DN201006532,399_5077_TT23065,SHAH KOTHARI BROS,1,3,5077,TT23065
2941,2024-11-20,2024-11-28,PR201008835,DN201006560,399_9734_GOLM21009,SHAH KOTHARI BROS,3,5,9734,GOLM21009
2956,2024-11-20,2024-11-22,PR201008865,DN201006532,399_5077_TT23066,SHAH KOTHARI BROS,1,4,5077,TT23066
2957,2024-11-20,2024-11-21,PR201008835,DN201006530,399_563_SA13437,SHAH KOTHARI BROS,4,3,563,SA13437
2958,2024-11-20,2024-11-22,PR201008835,DN201006534,399_5889_56001245,SHAH KOTHARI BROS,2,8,5889,56001245
2959,2024-11-20,2024-11-22,PR201008867,DN201006533,399_7175_SB11610,SHAH KOTHARI BROS,1,1,7175,SB11610
2960,2024-11-20,2024-11-28,PR201008866,DN201006558,399_7856_GKD0885A,SHAH KOTHARI BROS,2,4,7856,GKD0885A
2961,2024-11-20,2024-11-30,PR201008868,DN201006564,399_7994_MPF232331,SHAH KOTHARI BROS,3,3,7994,MPF232331
2962,2024-11-20,2024-11-22,PR201008866,DN201006534,399_5889_56001183,SHAH KOTHARI BROS,3,3,5889,56001183
2963,2024-11-20,2024-11-22,PR201008866,DN201006534,399_5889_56001245,SHAH KOTHARI BROS,11,8,5889,56001245
2964,2024-11-20,2024-11-28,PR201008835,DN201006540,399_109_JKAD22064,SHAH KOTHARI BROS,2,1,109,JKAD22064
3024,2024-11-26,2024-11-27,PR201008913,DN201006257,399_3124_FH4943001,SHAH KOTHARI BROS,1,1,3124,FH4943001
3056,2024-12-02,2024-12-04,PR201008954,DN201006383,399_16463_4M50557,SHAH KOTHARI BROS,10,10,16463,4M50557
3091,2024-12-05,2024-12-06,PR201008972,DN201006398,399_5585_L8AFX005,SHAH KOTHARI BROS,1,1,5585,L8AFX005
3240,2024-12-06,2024-12-07,PR201008999,DN201006414,399_2932_ACVA24001,SHAH KOTHARI BROS,1,1,2932,ACVA24001
3241,2024-12-06,2024-12-07,PR201008997,DN201006413,399_13848_TF24H205,SHAH KOTHARI BROS,1,1,13848,TF24H205
3242,2024-12-06,2024-12-09,PR201008998,DN201006424,399_11096_2GD2L013,SHAH KOTHARI BROS,2,2,11096,2GD2L013
3274,2024-12-10,2024-12-10,PR201009026,DN201006434,399_17472_PWAJ06,SHAH KOTHARI BROS,1,1,17472,PWAJ06
3278,2024-12-11,2024-12-11,PR201009038,DN201006455,399_6914_8BP4L006,SHAH KOTHARI BROS,1,1,6914,8BP4L006
3448,2024-12-13,2024-12-14,PR201009151,DN201006493,399_23739_MT243350,SHAH KOTHARI BROS,1,1,23739,MT243350
3449,2024-12-13,2024-12-13,PR201009146,DN201006477,399_13739_V2400360,SHAH KOTHARI BROS,1,1,13739,V2400360
3460,2024-12-14,2024-12-16,PR201009157,DN201006497,399_8052_ALT240630,SHAH KOTHARI BROS,1,1,8052,ALT240630
3543,2024-12-19,2024-12-20,PR201009285,DN201006546,399_18287_24442614,SHAH KOTHARI BROS,1,1,18287,24442614
3550,2024-12-20,2024-12-20,PR201009291,DN201006550,399_5456_KGB2314A,SHAH KOTHARI BROS,10,10,5456,KGB2314A
3551,2024-12-20,2024-12-21,PR201009294,DN201006589,399_9031_0ATK0005,SHAH KOTHARI BROS,1,1,9031,0ATK0005
3556,2024-12-21,2024-12-21,PR201009298,DN201006585,399_4753_GTEC2406,SHAH KOTHARI BROS,1,1,4753,GTEC2406
3575,2024-12-27,2024-12-28,PR201009332,DN201006643,399_17759_N2402410,SHAH KOTHARI BROS,1,1,17759,N2402410
3604,2024-12-31,2025-01-01,PR201009377,DN301006671,399_13633_2KX1L015,SHAH KOTHARI BROS,1,1,13633,2KX1L015
